rollout/ep_rew_mean,time/time_elapsed,time/fps,time/iterations,time/total_timesteps,rollout/ep_len_mean,train/policy_gradient_loss,train/approx_kl,train/n_updates,train/explained_variance,train/value_loss,train/loss,train/learning_rate,train/entropy_loss,train/clip_fraction,train/clip_range
-184.11999999999998,5,360,1,2048,400.0,,,,,,,,,,
-177.51999999999998,14,281,2,4096,400.0,-0.017591030738549306,0.0108304545,10,0.028138577938079834,9.346491396427155,2.000746011734009,0.0003,-1.376803430914879,0.14521484375,0.2
-174.42,22,269,3,6144,400.0,-0.008416921913158149,0.007916024,20,0.4977900981903076,14.489329236745835,1.7257589101791382,0.0003,-1.368339754641056,0.062744140625,0.2
-175.555,30,269,4,8192,400.0,-0.01283432140480727,0.012720924,30,0.7636193037033081,13.013985896110535,1.921451210975647,0.0003,-1.367754864692688,0.1376953125,0.2
-174.56800000000004,36,278,5,10240,400.0,-0.011028703127522022,0.009178394,40,0.8098565936088562,9.787373024225236,1.4053877592086792,0.0003,-1.3570962250232697,0.077001953125,0.2
-172.11,43,280,6,12288,400.0,-0.01177424160996452,0.00905356,50,0.8696013689041138,8.399644079804421,1.8626500368118286,0.0003,-1.3430674120783805,0.100244140625,0.2
-173.5,51,279,7,14336,400.0,-0.011761079472489656,0.009879723,60,0.931553840637207,6.615412403643131,1.1087530851364136,0.0003,-1.3370151862502098,0.09072265625,0.2
-173.395,59,277,8,16384,400.0,-0.01003376609296538,0.011295357,70,0.8725316524505615,7.072983384132385,1.0362107753753662,0.0003,-1.3256693616509438,0.139453125,0.2
-171.09347826086957,66,275,9,18432,400.0,-0.011568477164837531,0.010661716,80,0.9256067872047424,6.248709595203399,0.9197025299072266,0.0003,-1.3151355981826782,0.134912109375,0.2
-172.25294117647059,73,279,10,20480,400.0,-0.012016623637464363,0.0119100325,90,0.9485857486724854,4.869649937748909,0.922849714756012,0.0003,-1.3033991128206253,0.13076171875,0.2
-171.08928571428572,79,282,11,22528,400.0,-0.00518534250149969,0.0074205403,100,0.9296867251396179,5.476360636949539,1.0218936204910278,0.0003,-1.2782268881797791,0.124169921875,0.2
-169.89508196721312,86,282,12,24576,400.0,-0.013349121413193643,0.0124868415,110,0.9572749733924866,5.06495786011219,0.8219020366668701,0.0003,-1.2944526225328445,0.116796875,0.2
-171.58181818181816,94,281,13,26624,400.0,-0.012888618104625493,0.047139965,120,0.9681079983711243,3.1248160883784295,1.020330786705017,0.0003,-1.263520459830761,0.168212890625,0.2
-171.8056338028169,102,279,14,28672,400.0,-0.014433270954759792,0.016608179,130,0.9621728658676147,5.550883986055851,1.1375454664230347,0.0003,-1.2625370725989342,0.19013671875,0.2
-170.8907894736842,109,279,15,30720,400.0,-0.015592046245001257,0.012709164,140,0.9431746602058411,5.151043254137039,1.108557939529419,0.0003,-1.234723375737667,0.155810546875,0.2
-169.78148148148148,116,280,16,32768,400.0,-0.021725284092826768,0.015221018,150,0.9671013951301575,3.407121333479881,0.9481615424156189,0.0003,-1.265082524716854,0.141162109375,0.2
-171.09655172413795,123,282,17,34816,400.0,-0.016155469667864963,0.015018798,160,0.9757559299468994,2.4335423424839973,0.5323566198348999,0.0003,-1.2399391829967499,0.186279296875,0.2
-171.07065217391303,130,281,18,36864,400.0,-0.01096782693057321,0.03405788,170,0.9538133144378662,3.702158994972706,0.7243868708610535,0.0003,-1.1975847691297532,0.200634765625,0.2
-171.38144329896912,138,281,19,38912,400.0,-0.012434822271461598,0.013885956,180,0.9616463780403137,4.611147344112396,1.1018182039260864,0.0003,-1.220030303299427,0.164599609375,0.2
-170.635,146,280,20,40960,400.0,-0.018024930462706833,0.0151893245,190,0.9584335088729858,3.849734570086002,0.7955961227416992,0.0003,-1.234547846019268,0.2001953125,0.2
-170.66199999999998,153,280,21,43008,400.0,-0.011308391304919497,0.012730753,200,0.967025101184845,3.1898853093385697,0.8686937093734741,0.0003,-1.2098868310451507,0.161083984375,0.2
-172.387,159,281,22,45056,400.0,-0.018991152473608962,0.016012091,210,0.9600493907928467,3.9907706126570703,1.0844135284423828,0.0003,-1.2075791001319884,0.18271484375,0.2
-171.63100000000003,166,282,23,47104,400.0,-0.002341680321842432,0.006314244,220,0.9109517931938171,5.485586081445217,0.6875261664390564,0.0003,-1.0818145111203195,0.135595703125,0.2
-172.387,174,281,24,49152,400.0,-0.01271020487183705,0.009632854,230,0.9819604158401489,2.9781515836715697,0.6769686341285706,0.0003,-1.232079729437828,0.17607421875,0.2
-174.87400000000002,182,281,25,51200,400.0,-0.008159552200231701,0.023299802,240,0.9354081749916077,3.15306349247694,0.38320258259773254,0.0003,-1.1714608654379846,0.205419921875,0.2
-173.91750000000005,189,280,26,53248,399.65,-0.0184911256947089,0.034588475,250,0.9335339069366455,5.259428896009922,0.8567819595336914,0.0003,-1.1390672042965888,0.21142578125,0.2
-173.6985,197,280,27,55296,399.65,-0.001395407717791386,0.01401365,260,0.9034998416900635,25.15795628428459,4.510169506072998,0.0003,-1.2074599802494048,0.234423828125,0.2
-175.1475,203,281,28,57344,399.65,-0.01713491564441938,0.013632497,270,0.9464471340179443,6.177770325541497,2.106902599334717,0.0003,-1.2040639266371727,0.145849609375,0.2
-176.38650000000004,210,282,29,59392,399.65,-0.004329840891296044,0.017050691,280,0.9391390085220337,3.4403734400868418,0.7089001536369324,0.0003,-1.2207152530550958,0.178662109375,0.2
-177.2895,218,281,30,61440,399.65,-0.011909337801625952,0.03085269,290,0.9374618530273438,4.14791613817215,0.5151296257972717,0.0003,-1.201664972305298,0.167236328125,0.2
-178.3095,225,281,31,63488,399.65,-0.01247230630251579,0.018164113,300,0.9597054123878479,3.9483608439564706,0.8374367952346802,0.0003,-1.204324796795845,0.14873046875,0.2
-181.08450000000005,233,280,32,65536,399.65,-0.018003677122760565,0.020172164,310,0.9787681698799133,2.5144788831472398,0.4998129606246948,0.0003,-1.1933376252651215,0.281787109375,0.2
-179.7345,239,281,33,67584,399.65,-0.008643446333007888,0.021107564,320,0.9226124882698059,6.993019734323025,0.9124274253845215,0.0003,-1.06284751445055,0.207275390625,0.2
-180.3615,246,282,34,69632,399.65,-0.01390736170578748,0.014310474,330,0.9771963953971863,3.704885998368263,0.9081395268440247,0.0003,-1.1817912369966508,0.12470703125,0.2
-180.8895,253,282,35,71680,399.65,-0.014131726592313498,0.024939308,340,0.9846369624137878,2.4700956150889395,0.5302226543426514,0.0003,-1.1914404600858688,0.240087890625,0.2
-183.7935,261,281,36,73728,399.65,-0.010463110913406126,0.027573708,350,0.9841870069503784,2.6219612047076226,0.8665633797645569,0.0003,-1.1645668476819993,0.271435546875,0.2
-182.37149999999997,269,281,37,75776,399.65,-0.014482764914282598,0.021570139,360,0.929802417755127,4.178117191791534,0.6431004405021667,0.0003,-1.0873294353485108,0.18798828125,0.2
-183.8595,277,280,38,77824,399.65,-0.014669282917748206,0.025148831,370,0.9745861291885376,3.51234290599823,0.8054478764533997,0.0003,-1.1791674181818963,0.1763671875,0.2
-182.42849999999996,284,281,39,79872,399.65,-0.01076042468775995,0.033971477,380,0.9345325827598572,5.502853886783123,0.9307708740234375,0.0003,-1.138515242934227,0.321240234375,0.2
-183.07050000000004,290,282,40,81920,399.65,-0.007350803381996229,0.009587132,390,0.987412691116333,2.53740626424551,0.8573326468467712,0.0003,-1.151234221458435,0.130078125,0.2
-183.14550000000003,298,281,41,83968,399.65,-0.014568478235742078,0.031984095,400,0.9599049687385559,4.477850076556206,0.9669995307922363,0.0003,-1.132840134203434,0.20244140625,0.2
-181.34550000000002,305,281,42,86016,399.65,-0.012743687129113824,0.012322237,410,0.9823075532913208,2.02268296405673,0.4069872498512268,0.0003,-1.1408897802233695,0.08837890625,0.2
-183.30449999999993,313,280,43,88064,399.65,-0.01776326133986004,0.029264478,420,0.9827029705047607,2.2591820791363717,1.1432174444198608,0.0003,-1.1570893675088882,0.194287109375,0.2
-181.33949999999996,321,280,44,90112,399.65,-0.006530390903935768,0.012032608,430,0.9305588006973267,5.512014304101467,0.9833899736404419,0.0003,-1.0545308575034142,0.12255859375,0.2
-178.94549999999995,328,280,45,92160,399.65,-0.013946640011272392,0.012791284,440,0.977063000202179,3.558074103295803,0.9562225341796875,0.0003,-1.1631111428141594,0.1810546875,0.2
-178.83100000000002,335,280,46,94208,400.0,-0.01767171488609165,0.014703896,450,0.9762617945671082,3.405237077176571,1.1179863214492798,0.0003,-1.1733158320188521,0.187060546875,0.2
-178.27599999999998,343,280,47,96256,400.0,-0.014866466692183167,0.02250446,460,0.9813432693481445,2.4309195265173913,0.7294889092445374,0.0003,-1.181143592298031,0.13232421875,0.2
-177.39399999999995,350,280,48,98304,400.0,-0.016162228002212942,0.018330706,470,0.9864974021911621,2.524421752989292,1.3622634410858154,0.0003,-1.1866035729646682,0.140673828125,0.2
-175.579,358,279,49,100352,400.0,-0.01918193561723456,0.01443614,480,0.9830066561698914,2.6412448450922965,0.9581118822097778,0.0003,-1.208387379348278,0.190087890625,0.2
-174.26499999999996,365,280,50,102400,400.0,-0.014049256255384534,0.011260487,490,0.9868407249450684,2.721497096121311,0.6021897196769714,0.0003,-1.1891568750143051,0.113232421875,0.2
-172.306,371,280,51,104448,400.0,-0.02140430818544701,0.0476209,500,0.9684004187583923,3.3874781586229803,0.5122442245483398,0.0003,-1.1573546156287193,0.223046875,0.2
-171.04899999999995,379,280,52,106496,400.0,-0.010870646411785857,0.015078616,510,0.9751322269439697,3.263446907699108,0.9247833490371704,0.0003,-1.1566082924604415,0.202294921875,0.2
-170.65,386,280,53,108544,400.0,-0.01609022374614142,0.016317021,520,0.9895999431610107,2.274473597109318,0.4932990074157715,0.0003,-1.1880225285887718,0.161376953125,0.2
-171.544,394,280,54,110592,400.0,-0.011939499658183195,0.012868928,530,0.9743942022323608,3.623775523900986,0.9082947373390198,0.0003,-1.1409565821290015,0.104248046875,0.2
-174.958,402,279,55,112640,400.0,-0.013513146492186934,0.021955822,540,0.9648652076721191,3.383877916634083,0.985876739025116,0.0003,-1.135279643535614,0.284130859375,0.2
-171.87399999999994,408,280,56,114688,400.0,-0.0017690109671093524,0.04326491,550,0.9191544651985168,6.089976008236408,0.8491196632385254,0.0003,-1.083709491789341,0.19638671875,0.2
-171.763,415,280,57,116736,400.0,-0.017057457630289718,0.012401955,560,0.9861858487129211,2.5853259578347205,0.7273917198181152,0.0003,-1.1957899734377861,0.22060546875,0.2
-172.363,423,280,58,118784,400.0,-0.01720165433944203,0.0136639625,570,0.9881563782691956,2.596659059822559,0.7498751282691956,0.0003,-1.2201243042945862,0.23017578125,0.2
-171.745,431,280,59,120832,400.0,-0.012852867331821472,0.052739013,580,0.9472541213035583,3.384398865699768,0.3407239019870758,0.0003,-1.190959469974041,0.270849609375,0.2
-170.17,438,280,60,122880,400.0,-0.019011984989629128,0.018097155,590,0.9868715405464172,2.7190945565700533,0.8522061109542847,0.0003,-1.1647266641259193,0.199755859375,0.2
-170.16400000000002,446,280,61,124928,400.0,-0.009672259323997423,0.014293937,600,0.9891239404678345,2.5933776915073397,0.9943852424621582,0.0003,-1.167029546201229,0.2283203125,0.2
-171.54400000000004,452,280,62,126976,400.0,-0.011762660794192924,0.006679331,610,0.9766170382499695,4.671929290890693,2.148186683654785,0.0003,-1.1032418861985207,0.091845703125,0.2
-169.33000000000004,459,280,63,129024,400.0,-0.01001278655603528,0.03045293,620,0.9554877281188965,4.0026466473937035,0.7498463988304138,0.0003,-1.0836304321885109,0.19990234375,0.2
-169.83099999999996,467,280,64,131072,400.0,-0.012897170445648953,0.013214298,630,0.9857428073883057,2.149918977916241,0.6547744870185852,0.0003,-1.1439551651477813,0.18056640625,0.2
-170.14899999999997,474,280,65,133120,400.0,-0.008999418810708449,0.03623169,640,0.9434403777122498,6.897296324372292,1.1856621503829956,0.0003,-1.011826690286398,0.1904296875,0.2
-170.785,482,280,66,135168,400.0,-0.01910973458434455,0.025601763,650,0.9794290661811829,3.064841981232166,0.8366281390190125,0.0003,-1.1797225251793861,0.2423828125,0.2
-170.31399999999996,489,280,67,137216,400.0,-0.005626069780555553,0.024075214,660,0.9661677479743958,2.237402036041021,0.46379685401916504,0.0003,-1.1051979631185531,0.182958984375,0.2
-170.42500000000004,495,280,68,139264,400.0,-0.02216593874618411,0.013319109,670,0.9883295297622681,1.8759900629520416,0.5298328399658203,0.0003,-1.1643212035298347,0.136376953125,0.2
-171.21399999999997,503,280,69,141312,400.0,-0.015763924544444308,0.028513994,680,0.9780494570732117,2.6617876455187797,0.8174523711204529,0.0003,-1.1886262491345405,0.21806640625,0.2
-169.987,511,280,70,143360,400.0,-0.013733959785895422,0.039621808,690,0.9768304228782654,3.9028881818056105,1.112522840499878,0.0003,-1.1509048327803613,0.213818359375,0.2
-169.87900000000002,519,280,71,145408,400.0,-0.014056696358602494,0.015614615,700,0.9847733974456787,2.285050193220377,0.4015354514122009,0.0003,-1.2073900401592255,0.2376953125,0.2
-169.669,526,279,72,147456,400.0,-0.006229535606689751,0.012743085,710,0.9814503192901611,3.132084774971008,0.7458698153495789,0.0003,-1.1612302526831626,0.180078125,0.2
-167.455,533,280,73,149504,400.0,-0.027155122230760755,0.015896086,720,0.9855819940567017,2.6533203229308127,1.1810920238494873,0.0003,-1.1783817157149314,0.21884765625,0.2
-168.475,540,280,74,151552,400.0,-0.021626763173844665,0.017046835,730,0.9915215969085693,2.4893721655011176,1.24380362033844,0.0003,-1.1742906346917152,0.25234375,0.2
-163.85800000000003,548,280,75,153600,400.0,-0.008938061207300053,0.02093268,740,0.9660214781761169,3.038305287063122,0.7598831653594971,0.0003,-1.09077230989933,0.195654296875,0.2
-163.462,556,279,76,155648,400.0,-0.01718975530238822,0.014753259,750,0.9886751174926758,1.9765304513275623,0.9915593266487122,0.0003,-1.1543362468481064,0.25283203125,0.2
-162.736,564,279,77,157696,400.0,-0.020292378775775433,0.029755227,760,0.9841877222061157,2.9466784104704855,0.7713119387626648,0.0003,-1.1428605750203134,0.20390625,0.2
-161.12500000000003,572,279,78,159744,400.0,-0.008682555780978873,0.016179862,770,0.9902155995368958,2.0187226973474024,0.7020235061645508,0.0003,-1.1641623660922051,0.2396484375,0.2
-161.047,578,279,79,161792,400.0,-0.017223143461160363,0.025007345,780,0.964022696018219,2.9439629785716535,0.5991618633270264,0.0003,-1.1426952078938484,0.20849609375,0.2
-161.752,585,279,80,163840,400.0,-0.012129969656234607,0.01595809,790,0.9900473952293396,2.0381953060626983,0.5524240732192993,0.0003,-1.1582927405834198,0.261376953125,0.2
-161.659,593,279,81,165888,400.0,-0.004653349699219688,0.011889084,800,0.966038703918457,2.0453318908810614,0.4872153401374817,0.0003,-1.1262930750846862,0.15927734375,0.2
-159.175,601,279,82,167936,400.0,0.007838563990662805,0.01703592,810,0.9684392809867859,3.246042627096176,0.8430590033531189,0.0003,-1.068265426158905,0.2677734375,0.2
-158.82100000000003,609,278,83,169984,400.0,-0.018086618243250994,0.021080032,820,0.9921482801437378,1.9582207016646862,0.6388991475105286,0.0003,-1.144456923007965,0.16064453125,0.2
-158.03799999999998,616,279,84,172032,400.0,-0.01559959098813124,0.019474523,830,0.982450544834137,3.4936291575431824,1.2353622913360596,0.0003,-1.1265520095825194,0.135107421875,0.2
-156.625,622,279,85,174080,400.0,-0.007979421835625545,0.014670192,840,0.9661849737167358,4.02979524731636,0.6622846126556396,0.0003,-1.1336448177695275,0.196484375,0.2
-155.875,631,279,86,176128,400.0,-0.017368848429759963,0.017247923,850,0.98973548412323,2.5166527152061464,0.9011551737785339,0.0003,-1.1337401553988458,0.175537109375,0.2
-154.894,639,278,87,178176,400.0,-0.021106129756662994,0.00945686,860,0.990567684173584,2.8079816460609437,0.9626535773277283,0.0003,-1.1478235945105553,0.127392578125,0.2
-153.865,646,278,88,180224,400.0,-0.02414007598999888,0.05075972,870,0.9723827838897705,3.151056657731533,1.2751750946044922,0.0003,-1.132167038321495,0.22470703125,0.2
-153.142,654,278,89,182272,400.0,-0.015298496752802749,0.017594758,880,0.9873393774032593,2.1102447010576726,0.5205851793289185,0.0003,-1.140487402677536,0.181689453125,0.2
-152.77,660,278,90,184320,400.0,-0.017148875189013778,0.02935083,890,0.9921469688415527,2.0145792186260225,0.5150798559188843,0.0003,-1.1330628156661988,0.253857421875,0.2
-154.072,667,279,91,186368,400.0,-0.016769623494474216,0.013895763,900,0.9926969408988953,1.6274233423173428,0.36421164870262146,0.0003,-1.156758439540863,0.266357421875,0.2
-154.19199999999998,675,278,92,188416,400.0,-6.506247154902667e-05,0.02245337,910,0.9615281820297241,3.239500431716442,0.4842626452445984,0.0003,-1.1391032993793488,0.232177734375,0.2
-154.111,684,278,93,190464,400.0,-0.029987839711247945,0.03912489,920,0.9723731279373169,3.759283962845802,1.553016185760498,0.0003,-1.0717643529176712,0.309912109375,0.2
-153.19899999999998,691,278,94,192512,400.0,-0.007027780317002907,0.034846887,930,0.9848814606666565,1.8885430932044982,0.4873115122318268,0.0003,-1.1087661296129228,0.33037109375,0.2
-153.178,699,278,95,194560,400.0,-0.009519866725895554,0.019210525,940,0.9746922254562378,3.4089208453893662,1.0440540313720703,0.0003,-1.137963269650936,0.175390625,0.2
-152.98000000000005,706,278,96,196608,400.0,-0.022262265434255822,0.018022463,950,0.9883314967155457,2.6671654015779493,0.5997312664985657,0.0003,-1.1233501851558685,0.18359375,0.2
-153.29500000000002,714,277,97,198656,400.0,-0.01795230351272039,0.013505321,960,0.9927546977996826,2.259236016869545,0.9341443181037903,0.0003,-1.1207605376839638,0.112744140625,0.2
-152.026,723,277,98,200704,400.0,-0.023089273564983158,0.019321905,970,0.9860392212867737,2.731079523265362,0.6598851084709167,0.0003,-1.10085881203413,0.180517578125,0.2
-152.029,732,276,99,202752,400.0,-0.019167091441340746,0.025708718,980,0.9802576303482056,3.6264942228794097,0.9500303864479065,0.0003,-1.0763409793376923,0.18466796875,0.2
-151.64800000000002,739,276,100,204800,400.0,-0.013281353376805782,0.020602345,990,0.9896547198295593,2.0577864669263364,0.45599257946014404,0.0003,-1.1093277364969254,0.250244140625,0.2
-152.08,747,276,101,206848,400.0,-0.012314817568403668,0.030326437,1000,0.967811644077301,4.166138568520546,0.6874266862869263,0.0003,-1.082867157459259,0.27548828125,0.2
-152.18200000000002,754,276,102,208896,400.0,-0.016220347967464476,0.016116332,1010,0.9924936294555664,2.1209013842046263,0.4872344732284546,0.0003,-1.118636004626751,0.2169921875,0.2
-151.936,763,276,103,210944,400.0,-0.023189887590706348,0.023499295,1020,0.9908134341239929,1.7465377688407897,0.42490094900131226,0.0003,-1.0784559860825538,0.2083984375,0.2
-151.50100000000003,774,274,104,212992,400.0,-0.027140794222941623,0.029547617,1030,0.9878208041191101,2.213816011697054,0.6523500084877014,0.0003,-1.0797833621501922,0.296337890625,0.2
-151.549,782,274,105,215040,400.0,-0.017457863152958452,0.024811475,1040,0.9840360283851624,2.040699737519026,0.3642626404762268,0.0003,-1.074755348265171,0.2703125,0.2
-152.917,790,274,106,217088,400.0,-0.016369883791776375,0.012621579,1050,0.989488422870636,1.8775950789451599,0.52186119556427,0.0003,-1.1197738766670227,0.1765625,0.2
-152.713,797,274,107,219136,400.0,-0.03746023011044599,0.030655863,1060,0.9524074196815491,4.586322738975286,0.9199880361557007,0.0003,-1.0191938020288944,0.235595703125,0.2
-152.70700000000002,806,274,108,221184,400.0,-0.009797613607952371,0.0140000265,1070,0.9891647696495056,3.1108115166425705,1.110915184020996,0.0003,-1.051229614019394,0.163232421875,0.2
-152.413,814,273,109,223232,400.0,-0.023702787747606636,0.024269674,1080,0.9890368580818176,2.477961112558842,1.0319294929504395,0.0003,-1.0730098247528077,0.220458984375,0.2
-152.866,823,273,110,225280,400.0,-0.022218486841302364,0.017826878,1090,0.991173505783081,1.6692868202924729,0.5202142000198364,0.0003,-1.085383689403534,0.26728515625,0.2
-154.183,830,273,111,227328,400.0,-0.002396160183707252,0.02992742,1100,0.975049614906311,2.450987572222948,0.4076269865036011,0.0003,-1.0360729470849037,0.28017578125,0.2
-153.66400000000002,837,273,112,229376,400.0,0.0026126722630579026,0.024979975,1110,0.9370520114898682,6.39834518507123,0.8015204071998596,0.0003,-0.9136550195515156,0.245654296875,0.2
-153.337,845,273,113,231424,400.0,-0.015206815145211295,0.012605379,1120,0.9895845651626587,2.085900682210922,0.5535566806793213,0.0003,-1.0543257638812065,0.1708984375,0.2
-152.52700000000002,854,273,114,233472,400.0,-0.01600743691669777,0.017200558,1130,0.9909219741821289,1.8770603507757186,0.4280480444431305,0.0003,-1.0734349846839906,0.181982421875,0.2
-153.061,863,272,115,235520,400.0,-0.026258014334598557,0.022544868,1140,0.9819846153259277,4.3592689499259,0.9463869333267212,0.0003,-1.0461359225213527,0.237939453125,0.2
-153.22899999999998,871,272,116,237568,400.0,-0.00456124565389473,0.03521863,1150,0.9866552352905273,2.4138255208730697,0.6527915000915527,0.0003,-1.0342974483966827,0.242333984375,0.2
-152.99499999999998,878,272,117,239616,400.0,-0.014114186124061234,0.014898413,1160,0.9887756705284119,2.8058279782533644,0.6371989846229553,0.0003,-1.059539569914341,0.172607421875,0.2
-152.761,886,272,118,241664,400.0,-0.022820551029872148,0.026545156,1170,0.9906867146492004,2.4719417721033095,1.1217492818832397,0.0003,-1.013191895186901,0.189990234375,0.2
-153.41199999999998,896,271,119,243712,400.0,-0.015579546429216861,0.028180256,1180,0.9805294871330261,2.9367542952299117,0.7529675364494324,0.0003,-0.9903116822242737,0.191357421875,0.2
-154.513,904,271,120,245760,400.0,-0.012830394197953865,0.025559962,1190,0.9597482681274414,5.5069002360105515,1.341892123222351,0.0003,-0.9886028327047824,0.229931640625,0.2
-154.58800000000002,912,271,121,247808,400.0,-0.00037923872587271036,0.022173727,1200,0.9615089893341064,4.020792835950852,0.8685603141784668,0.0003,-0.9777968108654023,0.239501953125,0.2
-154.48600000000002,919,271,122,249856,400.0,-0.011109810660127551,0.017966937,1210,0.9828715324401855,3.198401865363121,1.1748422384262085,0.0003,-0.9848878212273121,0.223486328125,0.2
-154.71099999999998,927,271,123,251904,400.0,-0.010722467649611645,0.019460596,1220,0.9901180863380432,1.777231104671955,0.5621709227561951,0.0003,-0.9690064795315265,0.26025390625,0.2
-155.662,935,271,124,253952,400.0,-0.01545702773728408,0.033499707,1230,0.9819956421852112,1.785527876764536,0.43542587757110596,0.0003,-0.9299679130315781,0.220068359375,0.2
-154.207,944,271,125,256000,400.0,-0.010736096877371893,0.040717646,1240,0.9677331447601318,4.446900092065334,0.8636330366134644,0.0003,-0.9759680055081844,0.236962890625,0.2
-154.264,951,271,126,258048,400.0,-0.006103248242288828,0.019181736,1250,0.9912946224212646,2.34826630204916,0.5621902942657471,0.0003,-0.9978768713772297,0.26005859375,0.2
-156.415,958,271,127,260096,400.0,-0.012816414271946996,0.06092336,1260,0.9951897263526917,1.045104033127427,0.33165252208709717,0.0003,-0.947623074799776,0.243115234375,0.2
-158.869,965,271,128,262144,400.0,-0.0030977379181422295,0.019364089,1270,0.9402256011962891,4.234557659178972,0.6031987071037292,0.0003,-0.8055381692945958,0.156591796875,0.2
-160.09,972,271,129,264192,400.0,-0.0008125795924570411,0.054171704,1280,0.9439277052879333,5.353527583181858,0.8296946883201599,0.0003,-0.781167509406805,0.19580078125,0.2
-158.722,981,271,130,266240,400.0,2.128422202076763e-05,0.057433605,1290,0.9458231329917908,6.360226945579052,1.0237594842910767,0.0003,-0.8943166129291058,0.462451171875,0.2
-159.289,988,271,131,268288,400.0,-0.019639966578688474,0.0332741,1300,0.9825780987739563,3.0524089127779006,1.0747451782226562,0.0003,-0.9374360918998719,0.2564453125,0.2
-160.558,997,271,132,270336,400.0,0.01662789918773342,0.028903335,1310,0.9515944719314575,3.660475079715252,0.6604955196380615,0.0003,-0.7769399613142014,0.282568359375,0.2
-160.726,1004,271,133,272384,400.0,-0.005211184750078246,0.021875141,1320,0.9894818663597107,1.485213863104582,0.33156704902648926,0.0003,-0.9243769101798535,0.2783203125,0.2
-160.62099999999998,1011,271,134,274432,400.0,-0.026287183968815953,0.038939774,1330,0.9880761504173279,1.8975066855549811,0.5597575902938843,0.0003,-0.9326567493379117,0.234912109375,0.2
-162.202,1018,271,135,276480,400.0,-0.01840510723995976,0.013270999,1340,0.9909259080886841,1.642341984808445,0.46233558654785156,0.0003,-0.9313309028744697,0.157373046875,0.2
-161.97099999999998,1026,271,136,278528,400.0,-0.03768784514104482,0.08075382,1350,0.958429217338562,2.7802241928875446,0.5497360229492188,0.0003,-0.8977954924106598,0.260400390625,0.2
-162.505,1035,270,137,280576,400.0,-0.019395917723886668,0.019573875,1360,0.9920695424079895,1.9182143904268742,0.40666767954826355,0.0003,-0.976741623878479,0.169775390625,0.2
-163.633,1044,270,138,282624,400.0,-0.027964516915380953,0.03884846,1370,0.989383339881897,1.9346844188869,0.5957469344139099,0.0003,-0.9321170903742313,0.3279296875,0.2
-162.84699999999998,1051,270,139,284672,400.0,-0.001840498170349747,0.013403392,1380,0.945362389087677,4.904401935636997,1.0603874921798706,0.0003,-0.8979520566761494,0.146435546875,0.2
-162.26500000000001,1058,270,140,286720,400.0,0.005281751303118654,0.04814394,1390,0.9745091199874878,2.2094605557620524,0.35655537247657776,0.0003,-0.9730875551700592,0.348388671875,0.2
-161.446,1066,270,141,288768,400.0,-0.0005894597852602601,0.020708244,1400,0.9949846863746643,1.3515648521482944,0.42225977778434753,0.0003,-1.0204471610486507,0.34404296875,0.2
-162.235,1074,270,142,290816,400.0,-0.014095634763361887,0.029562943,1410,0.9896082878112793,1.3289756931364536,0.41966575384140015,0.0003,-1.016144446283579,0.230322265625,0.2
-161.95,1082,270,143,292864,400.0,-0.0345474147121422,0.048013877,1420,0.9809648990631104,2.176524357497692,0.4125106930732727,0.0003,-0.9952551290392876,0.20888671875,0.2
-161.2,1089,270,144,294912,400.0,-0.00765799524524482,0.017229615,1430,0.9795469641685486,2.1452093102037906,0.34594157338142395,0.0003,-1.0107223875820637,0.193505859375,0.2
-161.26600000000002,1096,270,145,296960,400.0,-0.029796756262658163,0.033736702,1440,0.987539529800415,2.5940417513251304,1.0714398622512817,0.0003,-1.0628104284405708,0.191552734375,0.2
-160.88199999999998,1103,270,146,299008,400.0,-0.012666992680169641,0.016764143,1450,0.9948405027389526,1.2493691191077232,0.5075554251670837,0.0003,-1.0746832758188247,0.231494140625,0.2
-156.15400000000002,1111,270,147,301056,400.0,-0.012021221648319624,0.029658556,1460,0.9884368777275085,2.3449074916541575,0.7537711262702942,0.0003,-1.0173596814274788,0.221435546875,0.2
-155.00799999999998,1119,270,148,303104,400.0,-0.002708100707968697,0.0143911755,1470,0.9845454096794128,3.031695565581322,0.7599785923957825,0.0003,-1.0109609536826611,0.178515625,0.2
-153.53799999999998,1126,270,149,305152,400.0,-0.018673404739820397,0.025023594,1480,0.9823923110961914,2.22147099673748,0.6250175833702087,0.0003,-0.9960198074579238,0.245947265625,0.2
-153.073,1133,270,150,307200,400.0,-0.018509616405935958,0.012763394,1490,0.9945434331893921,1.4417374312877655,0.3553416132926941,0.0003,-0.9344061277806759,0.125390625,0.2
-150.24999999999997,1140,271,151,309248,400.0,-0.02006941686850041,0.03051589,1500,0.9938874840736389,1.6026218928396703,0.6144159436225891,0.0003,-0.9944148875772953,0.2009765625,0.2
-149.935,1148,271,152,311296,400.0,-0.015399815700948238,0.023013288,1510,0.9894153475761414,2.673909982293844,1.0198618173599243,0.0003,-0.9887102119624614,0.173388671875,0.2
-150.703,1156,270,153,313344,400.0,-0.021855166513705625,0.0195948,1520,0.9937772750854492,1.4363859370350838,0.7282100915908813,0.0003,-1.0110767848789692,0.218701171875,0.2
-152.119,1164,270,154,315392,400.0,-0.0031534172187093644,0.057373114,1530,0.9889243245124817,1.2145772103220225,0.3249671757221222,0.0003,-1.0290170408785344,0.2669921875,0.2
-151.822,1172,270,155,317440,400.0,0.0018883983633713798,0.028807305,1540,0.9730232954025269,3.6646466836333276,0.8591538667678833,0.0003,-1.027726984024048,0.333154296875,0.2
-153.166,1178,270,156,319488,400.0,-0.02398322514782194,0.033119112,1550,0.9813684821128845,2.4085858397185804,0.48223811388015747,0.0003,-1.0003154128789902,0.25888671875,0.2
-152.575,1186,271,157,321536,400.0,-0.016706789535237476,0.02024464,1560,0.9923086762428284,1.2483263365924357,0.4328150153160095,0.0003,-1.0010317504405974,0.269091796875,0.2
-149.776,1193,271,158,323584,400.0,-0.016091716953087597,0.026580423,1570,0.996055543422699,1.1029441371560096,0.3352126181125641,0.0003,-0.8828697860240936,0.231494140625,0.2
-149.68,1201,271,159,325632,400.0,-0.02009903797879815,0.022115877,1580,0.9941303730010986,1.1045451790094376,0.37525469064712524,0.0003,-0.8552375696599483,0.204541015625,0.2
-149.78500000000003,1208,271,160,327680,400.0,-0.01570537211955525,0.022023603,1590,0.9903995990753174,1.5809453524649144,0.4892345070838928,0.0003,-0.8603589951992034,0.177587890625,0.2
-149.911,1215,271,161,329728,400.0,-0.016172420809743925,0.029661082,1600,0.9945310950279236,1.169695471972227,0.4605490267276764,0.0003,-0.8229914464056491,0.2125,0.2
-149.851,1221,271,162,331776,400.0,-0.01013271174451802,0.02497473,1610,0.970270574092865,2.455197114497423,0.5749480128288269,0.0003,-0.8292917303740979,0.207177734375,0.2
-149.03499999999997,1229,271,163,333824,400.0,-0.016479853162309155,0.012280616,1620,0.990873396396637,1.450404779613018,0.5138177275657654,0.0003,-0.7794208601117134,0.131298828125,0.2
-148.774,1237,271,164,335872,400.0,-0.029457177669974043,0.024694588,1630,0.9892304539680481,2.1727701291441917,0.6295613050460815,0.0003,-0.7980852209031581,0.223388671875,0.2
-148.56099999999998,1244,271,165,337920,400.0,-0.014908840812859125,0.028017087,1640,0.9896324872970581,2.0605749182403086,0.5805238485336304,0.0003,-0.7313008442521095,0.173388671875,0.2
-148.438,1252,271,166,339968,400.0,-0.017825724121939855,0.023541685,1650,0.9935330152511597,1.535741513222456,0.7190341353416443,0.0003,-0.7845730111002922,0.185546875,0.2
-148.44700000000003,1258,271,167,342016,400.0,-0.018778072227723895,0.016247274,1660,0.9934117197990417,1.370820978283882,0.3755743205547333,0.0003,-0.7853906996548176,0.17392578125,0.2
-149.33799999999997,1265,271,168,344064,400.0,-0.020021389028988777,0.05561726,1670,0.9858428239822388,2.7159362703561785,1.0967774391174316,0.0003,-0.7883586592972278,0.187255859375,0.2
-149.848,1272,271,169,346112,400.0,-0.019105138455051927,0.05123688,1680,0.9699373841285706,2.3141109578311445,0.467997670173645,0.0003,-0.7584152974188327,0.247705078125,0.2
-149.60500000000002,1280,271,170,348160,400.0,-0.017442551377462222,0.023713853,1690,0.9933881759643555,1.2180387318134307,0.488999605178833,0.0003,-0.8206263594329357,0.19541015625,0.2
-151.036,1288,271,171,350208,400.0,-0.014714727282989771,0.050783005,1700,0.9950632452964783,1.2375045016407966,0.43823811411857605,0.0003,-0.7290886804461479,0.211181640625,0.2
-150.622,1295,271,172,352256,400.0,-0.031087512944941408,0.06470778,1710,0.9384067058563232,5.162171148508787,0.5461715459823608,0.0003,-0.5706872098147869,0.21689453125,0.2
-150.22600000000003,1302,272,173,354304,400.0,-0.015170284107443876,0.018217966,1720,0.9890341758728027,2.8606087908148767,0.8480486869812012,0.0003,-0.700058364123106,0.141748046875,0.2
-147.961,1309,272,174,356352,400.0,-0.02467763751046732,0.08008552,1730,0.9755774140357971,3.930734780430794,0.8258872032165527,0.0003,-0.7315341293811798,0.18193359375,0.2
-145.90599999999998,1317,272,175,358400,400.0,-0.020941686601145194,0.024085458,1740,0.989128828048706,1.838196687400341,0.4647177457809448,0.0003,-0.585300137847662,0.148388671875,0.2
-145.042,1325,272,176,360448,400.0,-0.021661171910818667,0.019901708,1750,0.9931895136833191,1.6394041672348976,0.4069664180278778,0.0003,-0.6573633581399918,0.156494140625,0.2
-145.021,1332,271,177,362496,400.0,-0.024230610072845594,0.032194756,1760,0.9956706762313843,1.0461229294538499,0.36097651720046997,0.0003,-0.6460774958133697,0.191796875,0.2
-145.234,1339,272,178,364544,400.0,-0.01651320691453293,0.027079897,1770,0.981651246547699,1.4876458808779716,0.11466260254383087,0.0003,-0.6755942091345787,0.168701171875,0.2
-146.074,1345,272,179,366592,400.0,-0.0075333683984354135,0.03139802,1780,0.9867251515388489,1.7819167859852314,0.4032537341117859,0.0003,-0.6169639535248279,0.19404296875,0.2
-144.86199999999997,1352,272,180,368640,400.0,-0.0028999988833675163,0.021304406,1790,0.9884099960327148,1.7429498992860317,0.6061161756515503,0.0003,-0.8522438012063503,0.288525390625,0.2
-144.78699999999998,1360,272,181,370688,400.0,-0.020487497077556326,0.04556549,1800,0.9936168193817139,1.0076013308018446,0.3011631667613983,0.0003,-0.5824752919375896,0.148974609375,0.2
-145.072,1368,272,182,372736,400.0,-0.01770770262228325,0.01948451,1810,0.9924684166908264,1.4967752277851105,0.515357255935669,0.0003,-0.6610440194606781,0.173388671875,0.2
-145.156,1376,272,183,374784,400.0,-0.015562039607902988,0.023195831,1820,0.9927705526351929,1.5037410452961921,0.40538489818573,0.0003,-0.7075231865048408,0.15322265625,0.2
-145.06900000000002,1382,272,184,376832,400.0,-0.021231845882721246,0.03246249,1830,0.9927185773849487,1.666469471156597,0.7464960813522339,0.0003,-0.7031199619174003,0.162109375,0.2
-145.915,1389,272,185,378880,400.0,-0.020469607471022756,0.030788787,1840,0.9899815320968628,2.019640801101923,0.6092232465744019,0.0003,-0.5553044009953737,0.1779296875,0.2
-146.92,1396,272,186,380928,400.0,-0.020153543050400912,0.026089903,1850,0.9914931058883667,1.398627657443285,0.5468440651893616,0.0003,-0.6749086610972881,0.2158203125,0.2
-146.653,1404,272,187,382976,400.0,-0.022441608842927962,0.02248028,1860,0.9916990995407104,1.6804700121283531,0.5565282702445984,0.0003,-0.8626899890601635,0.25126953125,0.2
-146.701,1411,272,188,385024,400.0,-0.0107771355076693,0.02952357,1870,0.9746159911155701,2.275747749209404,0.42900311946868896,0.0003,-0.8122705422341824,0.228662109375,0.2
-146.75199999999998,1419,272,189,387072,400.0,-0.01460273958509788,0.022115186,1880,0.987781286239624,2.367832139134407,0.6783719658851624,0.0003,-0.5976496741175652,0.153466796875,0.2
-147.07299999999998,1425,272,190,389120,400.0,-0.012800136028090492,0.02902898,1890,0.9947081208229065,1.3851737909018993,0.5358457565307617,0.0003,-0.5671853389590978,0.12900390625,0.2
-144.29200000000003,1432,273,191,391168,400.0,-0.019766280765179545,0.037853867,1900,0.9898698925971985,1.6520056046545506,0.4841676652431488,0.0003,-0.4766670223325491,0.168896484375,0.2
-143.764,1439,273,192,393216,400.0,-0.016941116558155046,0.016967926,1910,0.9918813109397888,1.779638361185789,0.5705873966217041,0.0003,-0.40552300661802293,0.1203125,0.2
-144.904,1447,273,193,395264,400.0,-0.017670718577574008,0.024252253,1920,0.9935288429260254,1.2523462295532226,0.38479435443878174,0.0003,-0.4140443496406078,0.11669921875,0.2
-144.763,1455,272,194,397312,400.0,-0.009396403195569291,0.05286174,1930,0.9599187970161438,3.3986989855766296,0.6664658784866333,0.0003,-0.7414580173790455,0.2361328125,0.2
-145.108,1462,273,195,399360,400.0,-0.02062573455623351,0.027551524,1940,0.9900227189064026,1.6453136652708054,0.6027399897575378,0.0003,-0.6040188409388065,0.149462890625,0.2
-144.982,1469,273,196,401408,400.0,-0.020466911952826194,0.03902007,1950,0.9936962127685547,1.0295974373817445,0.2611619532108307,0.0003,-0.749043519794941,0.214697265625,0.2
-144.277,1476,273,197,403456,400.0,-0.012578484270488844,0.048833303,1960,0.9954498410224915,0.9488141633570194,0.23791849613189697,0.0003,-0.7268611811101436,0.25244140625,0.2
-143.53300000000002,1484,273,198,405504,400.0,-0.02801662761485204,0.031086672,1970,0.9819077849388123,2.8211083225905895,1.014088749885559,0.0003,-0.6793219774961472,0.161083984375,0.2
-142.675,1492,273,199,407552,400.0,-0.014127437135903165,0.019910982,1980,0.9955699443817139,1.2323577105998993,0.2838298976421356,0.0003,-0.7353233180940151,0.178857421875,0.2
-142.65699999999998,1499,273,200,409600,400.0,-0.019975929116480984,0.025746461,1990,0.9918025732040405,1.9854079999029637,0.43607914447784424,0.0003,-0.6672890529036521,0.149609375,0.2
-143.12499999999997,1506,273,201,411648,400.0,-0.01345955784781836,0.033770308,2000,0.9953992962837219,1.2884497128427028,0.44151926040649414,0.0003,-0.5903492797166109,0.208203125,0.2
-142.573,1513,273,202,413696,400.0,-0.01621361816651188,0.02476045,2010,0.994387686252594,1.2976656816899776,0.2976635694503784,0.0003,-0.7875776417553425,0.1787109375,0.2
-142.62399999999997,1520,273,203,415744,400.0,-0.01835094373091124,0.024688117,2020,0.9959210157394409,1.0534400284290313,0.3250965178012848,0.0003,-0.609529685229063,0.17216796875,0.2
-142.00599999999997,1528,273,204,417792,400.0,-0.012666551466099917,0.037025914,2030,0.9899657964706421,1.6898693419992923,0.5911228060722351,0.0003,-0.6923347942531108,0.1998046875,0.2
-141.313,1535,273,205,419840,400.0,-0.01635548956983257,0.017248876,2040,0.9892439246177673,1.7496861852705479,0.34715667366981506,0.0003,-0.629921231418848,0.142919921875,0.2
-140.38,1543,273,206,421888,400.0,-0.012510199274402112,0.04765371,2050,0.995120108127594,1.0331556349992752,0.2268519103527069,0.0003,-0.6332846254110336,0.23779296875,0.2
-139.207,1550,273,207,423936,400.0,-0.012345851014833898,0.03727781,2060,0.9916678071022034,1.5227478250861168,0.39042484760284424,0.0003,-0.6336069405078888,0.228955078125,0.2
-138.733,1556,273,208,425984,400.0,-0.00017784990486688912,0.03398971,2070,0.9941926598548889,1.0502209413796664,0.4018602967262268,0.0003,-0.5208147171884775,0.18359375,0.2
-138.06700000000004,1564,273,209,428032,400.0,-0.010161530127516017,0.051016226,2080,0.9962291121482849,1.0556250695139169,0.3122907876968384,0.0003,-0.5890553962439299,0.1953125,0.2
-137.74300000000002,1571,273,210,430080,400.0,-0.0068240121472626925,0.02044155,2090,0.9963639974594116,0.9452198788523674,0.5072440505027771,0.0003,-0.5117713049054146,0.196826171875,0.2
-138.082,1579,273,211,432128,400.0,-0.015974532143445686,0.020413728,2100,0.9916507601737976,1.4739351458847523,0.5728216767311096,0.0003,-0.5475616533309221,0.157080078125,0.2
-137.836,1587,273,212,434176,400.0,-0.019031609973171725,0.028113723,2110,0.9895047545433044,1.7895529478788377,0.32669487595558167,0.0003,-0.5378641970455647,0.14736328125,0.2
-137.074,1594,273,213,436224,400.0,-0.02342919179936871,0.019245276,2120,0.9937376379966736,1.6168477281928062,0.5197474956512451,0.0003,-0.5726125366985798,0.145654296875,0.2
-136.732,1601,273,214,438272,400.0,-0.0052835896058240905,0.022914978,2130,0.9888384342193604,1.1652173731476068,0.2064370959997177,0.0003,-0.6345947057008743,0.186962890625,0.2
-136.747,1609,273,215,440320,400.0,-0.01902749855653383,0.022501301,2140,0.9938042163848877,1.5373717948794365,0.6796610951423645,0.0003,-0.3763993620872498,0.0791015625,0.2
-137.26,1616,273,216,442368,400.0,-0.032929348340258,0.026622394,2150,0.9867278337478638,2.5430150404572487,0.8747730851173401,0.0003,-0.6434356816112995,0.18115234375,0.2
-137.34099999999998,1623,273,217,444416,400.0,-0.005549400890595279,0.020238927,2160,0.9655869603157043,4.6070716172456745,0.8570801019668579,0.0003,-0.6056946203112602,0.1625,0.2
-138.475,1631,273,218,446464,400.0,-0.01467998277512379,0.02380217,2170,0.988328754901886,2.307433794438839,0.6846290826797485,0.0003,-0.570842894166708,0.14697265625,0.2
-139.41400000000004,1638,273,219,448512,400.0,0.011693185049807653,0.030225057,2180,0.960717499256134,2.951881665736437,0.4560788869857788,0.0003,-0.6553496241569519,0.22431640625,0.2
-138.919,1645,273,220,450560,400.0,-0.009838045295327901,0.022444949,2190,0.9729582071304321,1.9311429314315318,0.3558548092842102,0.0003,-0.7093671873211861,0.204443359375,0.2
-139.096,1652,273,221,452608,400.0,-0.023502103151986375,0.027213508,2200,0.9944059252738953,1.5039377756416799,0.514423131942749,0.0003,-0.5768809787929058,0.157080078125,0.2
-139.13500000000002,1660,273,222,454656,400.0,-0.020272992108948527,0.027983494,2210,0.9939507842063904,1.432351789623499,0.5368665456771851,0.0003,-0.6427574627101421,0.1748046875,0.2
-139.33900000000003,1667,273,223,456704,400.0,-0.015778796194354072,0.0297378,2220,0.994557797908783,1.5676979914307594,0.4330179989337921,0.0003,-0.6389153085649013,0.1802734375,0.2
-139.40200000000002,1674,274,224,458752,400.0,-0.013490257455850951,0.02421565,2230,0.9880868196487427,1.861185187101364,0.327088326215744,0.0003,-0.8377513512969017,0.160693359375,0.2
-138.75700000000003,1680,274,225,460800,400.0,-0.031154594477266075,0.11295633,2240,0.9800121188163757,2.77738783210516,0.6724274754524231,0.0003,-0.5401516176760197,0.197265625,0.2
-138.373,1687,274,226,462848,400.0,-0.02210542601533234,0.03164588,2250,0.9932559132575989,1.3924951270222663,0.3752298951148987,0.0003,-0.6530573263764381,0.180908203125,0.2
-138.454,1694,274,227,464896,400.0,-0.013594098546309396,0.027452733,2260,0.9961656332015991,0.9069541525095701,0.436640202999115,0.0003,-0.6033568985760212,0.150390625,0.2
-138.622,1702,274,228,466944,400.0,-0.027190485229948536,0.038275465,2270,0.9884637594223022,2.332373344153166,0.5654605031013489,0.0003,-0.485381643101573,0.124853515625,0.2
-139.27599999999998,1710,274,229,468992,400.0,-0.011787694295344408,0.04078151,2280,0.9897318482398987,1.8687600061297416,0.5837927460670471,0.0003,-0.4960444442927837,0.14892578125,0.2
-138.58,1716,274,230,471040,400.0,-0.006941595562966541,0.018956155,2290,0.966129720211029,3.8446807131171226,0.632565975189209,0.0003,-0.5966327831149101,0.12353515625,0.2
-138.586,1723,274,231,473088,400.0,-0.01998956193565391,0.022799302,2300,0.9946481585502625,1.0517232611775398,0.39284682273864746,0.0003,-0.5665905397385359,0.156591796875,0.2
-137.77300000000002,1730,274,232,475136,400.0,-0.027960198733489962,0.029712968,2310,0.9953085780143738,1.11974231377244,0.2900771498680115,0.0003,-0.6215463913977146,0.211572265625,0.2
-140.06500000000003,1737,274,233,477184,400.0,-0.024258970114169644,0.08353195,2320,0.948276162147522,6.335986774414778,0.7660935521125793,0.0003,-0.5788439430296421,0.275830078125,0.2
-139.92400000000004,1745,274,234,479232,400.0,-0.018893111014040186,0.036194235,2330,0.9856351017951965,1.7561522416770459,0.2924470007419586,0.0003,-0.5446993134915828,0.18056640625,0.2
-139.429,1753,274,235,481280,400.0,-0.02188615733757615,0.02966728,2340,0.9927423000335693,1.5845509186387061,0.2712820768356323,0.0003,-0.607235525548458,0.148486328125,0.2
-139.25500000000002,1759,274,236,483328,400.0,-0.01932881473330781,0.025001703,2350,0.9947660565376282,1.4040352337062358,0.3380339443683624,0.0003,-0.5192558594048023,0.1484375,0.2
-137.69799999999998,1765,274,237,485376,400.0,-0.008598088886355982,0.02580417,2360,0.9800623059272766,3.2216362401843073,0.6927228569984436,0.0003,-0.6288909606635571,0.179833984375,0.2
-138.34300000000002,1773,274,238,487424,400.0,-0.018835440406110137,0.036145143,2370,0.9938098788261414,1.3004664227366447,0.5565832853317261,0.0003,-0.5745819110423327,0.203857421875,0.2
-136.984,1780,274,239,489472,400.0,-0.01363639910123311,0.026571304,2380,0.9748799800872803,3.020531325042248,0.6465752720832825,0.0003,-0.6369260460138321,0.210302734375,0.2
-136.366,1788,274,240,491520,400.0,-0.019803481752751394,0.02657887,2390,0.9945224523544312,1.125648371130228,0.26099586486816406,0.0003,-0.45026993565261364,0.125390625,0.2
-135.868,1795,274,241,493568,400.0,-0.02401898372336291,0.023347788,2400,0.9962162971496582,0.9891336187720299,0.25629252195358276,0.0003,-0.5747217476367951,0.1810546875,0.2
-135.73299999999998,1802,274,242,495616,400.0,-0.012264388846233487,0.025172032,2410,0.9941312670707703,1.2898623883724212,0.411238431930542,0.0003,-0.603889987245202,0.197900390625,0.2
-135.10899999999998,1809,275,243,497664,400.0,-0.020051647955551744,0.029333085,2420,0.9920070171356201,1.5890264190733432,0.5077906250953674,0.0003,-0.7295700162649155,0.2291015625,0.2
-136.59399999999997,1816,275,244,499712,400.0,-0.034262400472653096,0.10691756,2430,0.9753093719482422,4.6987983852624895,0.7612648010253906,0.0003,-0.7365595832467079,0.23876953125,0.2
-136.651,1824,274,245,501760,400.0,0.002622968074865639,0.030627104,2440,0.9701058268547058,4.3444974541664125,0.8587979674339294,0.0003,-0.5955692067742347,0.200927734375,0.2
-136.711,1832,274,246,503808,400.0,-0.02323488178080879,0.031111538,2450,0.9876306056976318,3.6733161568641663,0.823735773563385,0.0003,-0.5569761656224728,0.15869140625,0.2
-136.207,1839,275,247,505856,400.0,-0.009534499823348596,0.04363553,2460,0.995449960231781,1.4711192347109319,0.37358754873275757,0.0003,-0.41466899327933787,0.111669921875,0.2
-136.393,1845,275,248,507904,400.0,-0.013799830619245768,0.034468625,2470,0.9932669997215271,1.278823261708021,0.30804312229156494,0.0003,-0.49269589968025684,0.173779296875,0.2
-135.85299999999998,1852,275,249,509952,400.0,-0.014690408451133407,0.030655243,2480,0.9873145818710327,2.199395625293255,0.37160420417785645,0.0003,-0.602062214910984,0.14912109375,0.2
-136.59699999999998,1860,275,250,512000,400.0,-0.003544500525458716,0.034238912,2490,0.9907681345939636,1.5130555525422096,0.521547257900238,0.0003,-0.5251182459294796,0.155029296875,0.2
-138.613,1868,275,251,514048,400.0,-0.04510171478614211,0.052666027,2500,0.9695920944213867,5.121001011133194,0.7851781845092773,0.0003,-0.60122404769063,0.230126953125,0.2
-136.47100000000003,1876,275,252,516096,400.0,-0.028111328231170775,0.07435307,2510,0.9500428438186646,5.977817422896623,0.7893269062042236,0.0003,-0.520954393595457,0.272412109375,0.2
-136.099,1883,275,253,518144,400.0,-0.01314872105140239,0.017708514,2520,0.9896538257598877,2.291972929239273,0.5526273846626282,0.0003,-0.40347639098763466,0.11064453125,0.2
-136.78900000000002,1889,275,254,520192,400.0,-0.013920935429632663,0.047208518,2530,0.9918489456176758,1.5002727925777435,0.3838447630405426,0.0003,-0.6159392118453979,0.218115234375,0.2
-137.27499999999998,1896,275,255,522240,400.0,-0.009676672786008566,0.027036969,2540,0.974786102771759,2.4008350640535356,0.5629832148551941,0.0003,-0.7000445276498795,0.18515625,0.2
-137.27800000000002,1905,275,256,524288,400.0,-0.011501238821074367,0.026116058,2550,0.9928329586982727,1.4648803159594537,0.4376848042011261,0.0003,-0.6456440575420856,0.20048828125,0.2
-138.148,1912,275,257,526336,400.0,-0.012538818264147267,0.01778191,2560,0.9859023094177246,2.0416281864047052,0.7184664607048035,0.0003,-0.7166478238999844,0.1638671875,0.2
-138.04000000000002,1920,275,258,528384,400.0,-0.0020425757218617948,0.016160298,2570,0.9562789797782898,3.2926756992936133,0.30039453506469727,0.0003,-0.6024326905608177,0.174560546875,0.2
-138.18699999999998,1926,275,259,530432,400.0,-0.0037904656201135367,0.02791821,2580,0.9793508648872375,3.479675993323326,0.9842351078987122,0.0003,-0.5032114211469889,0.110595703125,0.2
-138.06700000000004,1933,275,260,532480,400.0,-0.014696147342328913,0.015718684,2590,0.9909795522689819,1.6616584695875645,0.3418920636177063,0.0003,-0.5445573411881923,0.14755859375,0.2
-138.592,1941,275,261,534528,400.0,-0.01780867174384184,0.037354667,2600,0.9942165613174438,1.414547547698021,0.4233636260032654,0.0003,-0.4919503442943096,0.15341796875,0.2
-137.05249999999998,1949,275,262,536576,398.67,-0.007040519310976379,0.027708393,2610,0.9907464385032654,1.3853267461061478,0.4979425370693207,0.0003,-0.5902003958821297,0.151123046875,0.2
-135.6095,1957,275,263,538624,398.67,0.007720948808128014,0.047686804,2620,0.9473838806152344,20.045115327835084,3.3062551021575928,0.0003,-0.6797583617269993,0.284423828125,0.2
-135.7895,1964,275,264,540672,398.67,-0.01590343035350088,0.022641527,2630,0.9902549386024475,1.9677009850740432,0.571076512336731,0.0003,-0.8676166638731957,0.218310546875,0.2
-137.94349999999997,1970,275,265,542720,398.67,-0.016966660821344702,0.03795514,2640,0.9944480657577515,1.2648979011923074,0.38187935948371887,0.0003,-0.7823894821107388,0.20546875,0.2
-138.03049999999996,1977,275,266,544768,398.67,-0.006602414531516843,0.030578692,2650,0.9682058095932007,4.045376092940569,0.48205918073654175,0.0003,-0.7784259103238582,0.256103515625,0.2
-137.8355,1985,275,267,546816,398.67,-0.013919563754461706,0.054509893,2660,0.9958467483520508,0.9793766681104898,0.328901469707489,0.0003,-0.5379763912409544,0.2169921875,0.2
-138.27349999999998,1993,275,268,548864,398.67,-0.015151332633104175,0.0297717,2670,0.9962031841278076,1.0895715210586787,0.38634157180786133,0.0003,-0.5711572431027889,0.14931640625,0.2
-137.9075,2000,275,269,550912,398.67,-0.010083395120454952,0.09478456,2680,0.9864096641540527,2.1447027295827867,0.6519296765327454,0.0003,-0.7269147418439388,0.218603515625,0.2
-137.1875,2007,275,270,552960,398.67,-0.010735316976206378,0.017555794,2690,0.9959903359413147,1.1462558940052987,0.5025387406349182,0.0003,-0.5006787210702897,0.1375,0.2
-134.9795,2014,275,271,555008,398.67,-0.017192906781565397,0.032143295,2700,0.9949852228164673,1.2713694117963315,0.46775874495506287,0.0003,-0.6753868781030178,0.17509765625,0.2
-134.8235,2021,275,272,557056,398.67,-0.013024548956309445,0.026143935,2710,0.9944037795066833,1.3125293411314487,0.3119909465312958,0.0003,-0.6076081387698651,0.16044921875,0.2
-133.74949999999998,2029,275,273,559104,398.67,-0.010465229640249162,0.05063116,2720,0.9967060685157776,0.9550873033702374,0.33010953664779663,0.0003,-0.6873102929443121,0.246826171875,0.2
-133.9295,2036,275,274,561152,398.67,-0.019438952390919438,0.019671444,2730,0.995739221572876,1.0142078593373298,0.2836345434188843,0.0003,-0.6093280494213105,0.134814453125,0.2
-134.1245,2044,275,275,563200,398.67,-0.02161701523582451,0.026658352,2740,0.9929596781730652,1.192012919485569,0.305558443069458,0.0003,-0.755539669841528,0.1947265625,0.2
-131.8775,2051,275,276,565248,398.67,-0.022060982696712018,0.027964965,2750,0.9935078620910645,1.1262438513338566,0.2360028624534607,0.0003,-0.7261834509670735,0.18271484375,0.2
-131.65550000000002,2058,275,277,567296,398.67,-0.021077194588724524,0.039866623,2760,0.9966160655021667,0.8263210315257311,0.2587822377681732,0.0003,-0.5985624581575394,0.1900390625,0.2
-133.46450000000002,2065,275,278,569344,398.67,-0.02127208556048572,0.020373542,2770,0.9956231117248535,1.1067190203815698,0.18272873759269714,0.0003,-0.671692568063736,0.176953125,0.2
-135.9335,2073,275,279,571392,398.67,-0.010266968765063212,0.10725783,2780,0.9567763805389404,4.655915851891041,0.513109028339386,0.0003,-0.5574808157980442,0.20634765625,0.2
-136.0595,2081,275,280,573440,398.67,-0.038452038331888615,0.09067613,2790,0.9403378963470459,6.340862138569355,1.9319173097610474,0.0003,-0.7885087437927722,0.281689453125,0.2
-137.515,2088,275,281,575488,400.0,-0.026184944773558528,0.053228423,2800,0.980334460735321,3.0332174763083457,0.8039011359214783,0.0003,-0.6140471763908864,0.194189453125,0.2
-137.13099999999997,2094,275,282,577536,400.0,-0.015144762286217884,0.034707416,2810,0.9922260046005249,1.5425501450896264,0.433590292930603,0.0003,-0.4536792118102312,0.1486328125,0.2
-137.82399999999998,2101,275,283,579584,400.0,-0.01348527382942848,0.025013147,2820,0.9903304576873779,1.3972257893532514,0.3172639012336731,0.0003,-0.48936094865202906,0.161279296875,0.2
-136.33899999999997,2109,275,284,581632,400.0,0.001716811361256987,0.026556354,2830,0.9757692217826843,3.2458227224648,0.6920874714851379,0.0003,-0.5646393038332462,0.169091796875,0.2
-135.754,2116,275,285,583680,400.0,-0.005013694346416742,0.02844759,2840,0.975561261177063,4.226644192636013,0.9108500480651855,0.0003,-0.46745912060141565,0.16845703125,0.2
-135.97300000000004,2124,275,286,585728,400.0,-0.014643376133608398,0.036087867,2850,0.9939942359924316,1.5431328922510148,0.5392132997512817,0.0003,-0.4444858327507973,0.164697265625,0.2
-136.069,2131,275,287,587776,400.0,-0.015472207681159488,0.03143227,2860,0.9931907653808594,1.0983449779450893,0.4262444078922272,0.0003,-0.5626970171928406,0.1701171875,0.2
-135.81099999999998,2137,275,288,589824,400.0,-0.02059373607044108,0.027048513,2870,0.9863507151603699,2.849588397145271,1.2359192371368408,0.0003,-0.6069311991333961,0.17861328125,0.2
-136.252,2144,275,289,591872,400.0,-0.0057496676163282245,0.04920566,2880,0.9935753345489502,1.373702035844326,0.4672531485557556,0.0003,-0.6288604170084,0.231103515625,0.2
-136.67499999999998,2152,275,290,593920,400.0,-0.007028349942993372,0.01738529,2890,0.9922799468040466,2.130014560371637,0.7102156281471252,0.0003,-0.5780612386763095,0.115576171875,0.2
-136.642,2159,275,291,595968,400.0,-0.029581265355227516,0.05153924,2900,0.9935059547424316,1.614562950283289,0.45902013778686523,0.0003,-0.5938120529055595,0.173681640625,0.2
-139.531,2167,275,292,598016,400.0,-0.011601460864767432,0.042150028,2910,0.9972088932991028,0.8789634980261326,0.2230859398841858,0.0003,-0.5572637975215912,0.2001953125,0.2
-139.23399999999995,2174,275,293,600064,400.0,-0.0007290274894330651,0.022492666,2920,0.9373924732208252,9.482055968046188,1.8219687938690186,0.0003,-0.671087420731783,0.195068359375,0.2
-138.49899999999997,2181,276,294,602112,400.0,-0.01843982476857491,0.019753158,2930,0.9941552877426147,1.341628585010767,0.34361889958381653,0.0003,-0.5966758362948894,0.14150390625,0.2
-138.394,2188,276,295,604160,400.0,-0.007924424461089074,0.11818818,2940,0.9914603233337402,1.5344479732215404,0.5728820562362671,0.0003,-0.6276969831436873,0.219677734375,0.2
-140.674,2196,275,296,606208,400.0,-0.020960378914605827,0.0244612,2950,0.9912760853767395,1.8448239058256148,0.7546431422233582,0.0003,-0.5210519537329674,0.111669921875,0.2
-140.197,2203,275,297,608256,400.0,0.0024448765208944677,0.025994806,2960,0.945387065410614,5.009768276661634,0.46974799036979675,0.0003,-0.4489051107317209,0.114111328125,0.2
-139.921,2211,275,298,610304,400.0,-0.019470724172424524,0.027816765,2970,0.986433207988739,2.6101070173084735,0.6926780939102173,0.0003,-0.7710830979049206,0.203466796875,0.2
-137.893,2217,276,299,612352,400.0,-0.015752551896730436,0.030747086,2980,0.9907228946685791,1.1974925655871629,0.3793877363204956,0.0003,-0.8740630641579628,0.206494140625,0.2
-137.908,2224,276,300,614400,400.0,-0.013155630056280643,0.032035917,2990,0.9957287907600403,1.0014127597212792,0.368277370929718,0.0003,-0.5308198433369398,0.167333984375,0.2
-137.99200000000002,2232,276,301,616448,400.0,-0.01676228339492809,0.035974048,3000,0.9944239258766174,1.163801208883524,0.34398898482322693,0.0003,-0.5328833609819412,0.136865234375,0.2
-137.455,2240,276,302,618496,400.0,-0.02155190784833394,0.027547613,3010,0.9941162467002869,1.3515585698187351,0.37894582748413086,0.0003,-0.5554761461913585,0.1853515625,0.2
-139.46500000000003,2247,276,303,620544,400.0,-0.014015797217143699,0.031871963,3020,0.9953497648239136,1.1104888968169688,0.302377313375473,0.0003,-0.5295744076371193,0.15732421875,0.2
-139.156,2254,276,304,622592,400.0,-0.04297391303116456,0.19207296,3030,0.9554059505462646,4.958636567741633,0.5962928533554077,0.0003,-0.6951655969023705,0.324365234375,0.2
-139.267,2261,276,305,624640,400.0,8.787435945123434e-06,0.111099884,3040,0.9960576891899109,1.1301866322755814,0.31919968128204346,0.0003,-0.491185861825943,0.237158203125,0.2
-138.766,2268,276,306,626688,400.0,-0.010293787420960144,0.027852947,3050,0.9943932294845581,1.159144050627947,0.47010043263435364,0.0003,-0.6784748636186123,0.200048828125,0.2
-138.36999999999998,2276,276,307,628736,400.0,-0.014606607184396126,0.028631764,3060,0.996026337146759,1.2138958811759948,0.36287400126457214,0.0003,-0.6891024768352508,0.189208984375,0.2
-138.022,2284,276,308,630784,400.0,-0.014494466688483953,0.03506484,3070,0.9959665536880493,1.187930229306221,0.29853588342666626,0.0003,-0.734433538466692,0.18046875,0.2
-137.2445,2292,276,309,632832,399.75,-0.023159391450462863,0.03621359,3080,0.9878432154655457,1.9739115446805955,0.3672415018081665,0.0003,-0.8820717215538025,0.23603515625,0.2
-137.15749999999997,2299,276,310,634880,399.75,-0.0017254916027013678,0.035731934,3090,0.9444175958633423,21.339208106696606,14.13909912109375,0.0003,-0.7180959314107895,0.224755859375,0.2
-137.14549999999997,2305,276,311,636928,399.75,-0.019318056222982705,0.028125454,3100,0.991916835308075,1.7228046223521232,0.5814436078071594,0.0003,-0.8160770535469055,0.204931640625,0.2
-134.50249999999997,2313,276,312,638976,399.75,-0.014558350763400086,0.052011017,3110,0.9878918528556824,2.048730032891035,0.8956325650215149,0.0003,-0.8673659272491931,0.281884765625,0.2
-134.4515,2321,276,313,641024,399.75,-0.012446940375957638,0.021582574,3120,0.9954426288604736,1.2346664994955063,0.3865208029747009,0.0003,-0.7216173902153968,0.207177734375,0.2
-134.5325,2329,276,314,643072,399.75,-0.009830254642292858,0.04638464,3130,0.9965680837631226,1.26009658575058,0.34477555751800537,0.0003,-0.7347782216966152,0.26171875,0.2
-134.3945,2336,276,315,645120,399.75,-0.012410825287224725,0.052116096,3140,0.9944911599159241,1.0491836350411177,0.32022711634635925,0.0003,-0.6781064003705979,0.241845703125,0.2
-131.7785,2342,276,316,647168,399.75,-0.012922515725949778,0.01936318,3150,0.9943379163742065,1.1824276857078075,0.31697455048561096,0.0003,-0.8394744955003262,0.19521484375,0.2
-131.31050000000002,2350,276,317,649216,399.75,-0.03417600995162502,0.03447646,3160,0.9876114726066589,2.260292448103428,0.46237531304359436,0.0003,-0.8765201076865197,0.206640625,0.2
-130.63250000000002,2358,276,318,651264,399.75,-0.012700978672364726,0.05137288,3170,0.993965208530426,0.9573894832283258,0.33713382482528687,0.0003,-0.9081998944282532,0.3138671875,0.2
-130.8695,2365,276,319,653312,399.75,-0.01756186467828229,0.020487506,3180,0.9956420063972473,1.170415548235178,0.4076843857765198,0.0003,-0.730831791460514,0.1748046875,0.2
-131.3915,2373,276,320,655360,399.75,-0.01697540020395536,0.029135313,3190,0.995736837387085,0.9406599748879672,0.32432329654693604,0.0003,-0.9089553013443947,0.2416015625,0.2
-131.3495,2380,276,321,657408,399.75,-0.02450675132567994,0.066741005,3200,0.9774923324584961,1.9534505359828471,0.45371735095977783,0.0003,-0.8490462459623813,0.305029296875,0.2
-129.2525,2387,276,322,659456,399.75,-0.016047002072446047,0.028698087,3210,0.9935716390609741,1.592533615976572,0.4207633137702942,0.0003,-0.775370218604803,0.254541015625,0.2
-129.21949999999998,2394,276,323,661504,399.75,-0.020420405006734654,0.040704,3220,0.9955147504806519,1.1418873369693756,0.46035444736480713,0.0003,-0.7699800610542298,0.20732421875,0.2
-131.8235,2402,276,324,663552,399.75,-0.029037673899438232,0.023862517,3230,0.9911214709281921,1.375076860561967,0.4363836348056793,0.0003,-0.7036640271544456,0.201708984375,0.2
-130.306,2410,276,325,665600,398.32,-0.006030476093292237,0.04238725,3240,0.9388411641120911,8.448172046244144,0.6452648639678955,0.0003,-0.6405251592397689,0.229443359375,0.2
-130.507,2418,276,326,667648,398.32,0.0077432879304979,0.068944186,3250,0.9442227482795715,18.238689620792865,6.082752704620361,0.0003,-0.6967256255447865,0.280029296875,0.2
-130.918,2424,276,327,669696,398.32,-0.018328144052065908,0.020070322,3260,0.9855766296386719,2.707968017458916,0.6860315799713135,0.0003,-0.7524110086262226,0.169580078125,0.2
-131.21550000000002,2431,276,328,671744,398.57,-0.020708049889071843,0.02886397,3270,0.9885533452033997,1.861776987463236,0.3311745524406433,0.0003,-0.7772582180798053,0.1990234375,0.2
-131.2055,2439,276,329,673792,398.31,-0.024271160014905035,0.028009728,3280,0.9917676448822021,1.4767702534794807,0.3734108805656433,0.0003,-0.755303268879652,0.23349609375,0.2
-131.09450000000004,2446,276,330,675840,398.31,-0.004309315807768143,0.039573923,3290,0.9297962188720703,22.160138437151907,2.9292986392974854,0.0003,-0.740975470840931,0.293212890625,0.2
-131.6765,2454,276,331,677888,398.31,-0.00831494887243025,0.038817108,3300,0.9704064726829529,3.272803972661495,0.8020201325416565,0.0003,-0.752759137749672,0.2197265625,0.2
-132.1835,2462,276,332,679936,398.31,-0.008702004310907795,0.022647813,3310,0.9853570461273193,3.0265295416116715,0.71256023645401,0.0003,-0.7930085383355617,0.1611328125,0.2
-132.32750000000001,2468,276,333,681984,398.31,-0.019958395219873637,0.02485714,3320,0.9893943071365356,1.9628497816622257,0.5809928774833679,0.0003,-0.7864739395678043,0.19326171875,0.2
-131.5725,2476,276,334,684032,397.73,-0.027557870862074195,0.021884445,3330,0.9887997508049011,2.192481378465891,0.2902490496635437,0.0003,-0.655266559869051,0.181201171875,0.2
-131.46450000000002,2483,276,335,686080,397.73,-0.0008346619928488508,0.028657015,3340,0.9454500675201416,25.99137544631958,11.551137924194336,0.0003,-0.6152864776551723,0.227880859375,0.2
-130.92750000000004,2491,276,336,688128,397.73,-0.013505003519821913,0.033054758,3350,0.9883459210395813,1.8843978002667428,0.2178189605474472,0.0003,-0.7542590238153934,0.187939453125,0.2
-131.9745,2499,276,337,690176,397.73,-0.00247905618743971,0.024675481,3360,0.9744846820831299,2.708181277662516,0.794663667678833,0.0003,-0.6158541217446327,0.169873046875,0.2
-131.3925,2506,276,338,692224,397.73,-0.029208146315068007,0.03855364,3370,0.9776613712310791,4.402854807674885,0.663770318031311,0.0003,-0.5635183602571487,0.19443359375,0.2
-132.2235,2513,276,339,694272,397.73,-0.03168547271052376,0.02960676,3380,0.9869553446769714,2.009264852106571,0.5393839478492737,0.0003,-0.4234390128403902,0.1470703125,0.2
-132.21149999999997,2520,276,340,696320,397.73,-0.013498393190093338,0.05680528,3390,0.9938998222351074,1.5423434905707836,0.40691259503364563,0.0003,-0.5655543275177479,0.26806640625,0.2
-131.99550000000002,2528,276,341,698368,397.73,-0.010883032000856474,0.019086115,3400,0.9896880984306335,1.2415918730199338,0.11375124752521515,0.0003,-0.6598244227468968,0.144140625,0.2
-131.94449999999998,2536,276,342,700416,397.73,-0.01945066102198325,0.03541561,3410,0.9954721927642822,1.0088212531059981,0.14388827979564667,0.0003,-0.495167650654912,0.150146484375,0.2
-131.9115,2544,276,343,702464,397.73,-0.011254660968552344,0.022127446,3420,0.9938737750053406,1.346661990135908,0.39518481492996216,0.0003,-0.5771896801888943,0.16376953125,0.2
-130.72,2550,276,344,704512,399.16,-0.026583099499111994,0.046350934,3430,0.9883749485015869,2.191710148751736,0.43450382351875305,0.0003,-0.5070836141705513,0.160595703125,0.2
-130.957,2557,276,345,706560,399.16,-0.02427930147096049,0.026196169,3440,0.9939521551132202,1.314091707766056,0.31232723593711853,0.0003,-0.5398940902203322,0.17197265625,0.2
-130.76200000000003,2565,276,346,708608,399.16,-0.01843719034222886,0.038834877,3450,0.9897209405899048,2.75478980243206,0.8628987073898315,0.0003,-0.5846534602344036,0.164404296875,0.2
-132.292,2573,276,347,710656,399.16,-0.014659762257360853,0.02321612,3460,0.9968069791793823,0.7794293757528067,0.22982953488826752,0.0003,-0.4869618028402328,0.16005859375,0.2
-132.53300000000002,2581,276,348,712704,399.42,0.005401754920603708,0.023846205,3470,0.9471321702003479,5.456506253778935,0.4998815655708313,0.0003,-0.7207764573395252,0.200390625,0.2
-132.746,2588,276,349,714752,399.42,-0.016830468797707,0.027024634,3480,0.9891533851623535,1.6958268009126187,0.33235111832618713,0.0003,-0.7846419140696526,0.18203125,0.2
-131.54,2594,276,350,716800,399.42,-0.02013720907852985,0.03764776,3490,0.9858227968215942,2.6931858636438846,0.4466324746608734,0.0003,-0.6463937647640705,0.2056640625,0.2
-132.833,2602,276,351,718848,399.42,-0.015964248505770228,0.016737264,3500,0.9940857887268066,1.559162450581789,0.34107184410095215,0.0003,-0.5991880483925343,0.14345703125,0.2
-132.368,2610,276,352,720896,399.42,-0.006444440345512703,0.06834174,3510,0.977026641368866,4.0856970936059955,1.089645504951477,0.0003,-0.5965827956795693,0.2412109375,0.2
-133.08199999999997,2618,276,353,722944,399.42,-0.008778917632298544,0.037591025,3520,0.9918814897537231,1.6955513507127762,0.573989748954773,0.0003,-0.5160247009247542,0.16611328125,0.2
-134.21499999999997,2625,276,354,724992,400.0,-0.006367691259947605,0.024448061,3530,0.9797341823577881,1.814730066806078,0.3610841631889343,0.0003,-0.5907241426408291,0.18974609375,0.2
-137.81799999999998,2632,276,355,727040,400.0,-0.01802243130514398,0.020741977,3540,0.9875221848487854,1.9751563668251038,0.3023645579814911,0.0003,-0.6338302627205848,0.178515625,0.2
-138.27100000000002,2639,276,356,729088,400.0,-0.0007605438644532114,0.06424994,3550,0.931948721408844,6.098816187679768,0.29785966873168945,0.0003,-0.5355336524546146,0.221826171875,0.2
-139.74999999999997,2646,276,357,731136,400.0,-0.04806754702585749,0.15663871,3560,0.9531054496765137,6.143725550174713,2.3567419052124023,0.0003,-0.37064715661108494,0.215185546875,0.2
-139.222,2654,276,358,733184,400.0,-0.05449445574777201,0.37607208,3570,0.9495312571525574,6.400979270786047,1.341767430305481,0.0003,-0.36009186804294585,0.243603515625,0.2
-138.78100000000003,2661,276,359,735232,400.0,-0.015207425551488995,0.02621795,3580,0.9941754341125488,1.6724125735461712,0.3414764106273651,0.0003,-0.24067349676042796,0.0947265625,0.2
-139.585,2669,276,360,737280,400.0,-0.016581337415846064,0.028915297,3590,0.9934806227684021,1.6006161205470562,0.5037510991096497,0.0003,-0.5233681157231331,0.138671875,0.2
-142.822,2675,276,361,739328,400.0,-0.023167899152031168,0.040495858,3600,0.981611430644989,2.9208552315831184,0.47522661089897156,0.0003,-0.5475500244647264,0.183251953125,0.2
-143.03799999999998,2682,276,362,741376,400.0,-0.02846286094863899,0.046084397,3610,0.9448963403701782,6.722322003543377,0.8273228406906128,0.0003,-0.8715014755725861,0.2794921875,0.2
-145.615,2690,276,363,743424,400.0,-0.011807072459487245,0.030370375,3620,0.9706544876098633,3.2636423505842687,0.45927995443344116,0.0003,-0.5362762093544007,0.15224609375,0.2
-146.005,2697,276,364,745472,400.0,-0.008700382569804788,0.03475969,3630,0.9485788941383362,5.507729221880436,0.9889880418777466,0.0003,-0.39491808228194714,0.147802734375,0.2
-145.915,2705,276,365,747520,400.0,-0.015048267791280523,0.013045395,3640,0.988914966583252,1.8567359425127505,0.5334963798522949,0.0003,-0.3806780997663736,0.093408203125,0.2
-146.317,2712,276,366,749568,400.0,-0.01726680585416034,0.05197072,3650,0.9948525428771973,1.0896563723683357,0.2532372772693634,0.0003,-0.36353316232562066,0.13818359375,0.2
-145.53100000000003,2719,276,367,751616,400.0,-0.018911542533896864,0.029786965,3660,0.9946942925453186,1.4359132491052151,0.27981582283973694,0.0003,-0.37243516370654106,0.143115234375,0.2
-145.171,2726,276,368,753664,400.0,0.004789007781073451,0.04246266,3670,0.9864510297775269,1.6105261124670505,0.4315747618675232,0.0003,-0.3971817448735237,0.124267578125,0.2
-147.856,2734,276,369,755712,400.0,-0.03016609774203971,0.022580108,3680,0.9879526495933533,2.863198462128639,1.0847433805465698,0.0003,-0.3403181917965412,0.143310546875,0.2
-148.444,2742,276,370,757760,400.0,0.003033657668856904,0.019748934,3690,0.9344937205314636,6.895449343323707,0.5782893300056458,0.0003,-0.5466965261846781,0.140478515625,0.2
-147.69100000000003,2749,276,371,759808,400.0,-0.019132488884497433,0.035879523,3700,0.989589273929596,1.5588515430688858,0.5452460050582886,0.0003,-0.45944616831839086,0.152587890625,0.2
-148.003,2755,276,372,761856,400.0,-0.018427352380240337,0.03217029,3710,0.9938788414001465,1.2838417794555426,0.30256325006484985,0.0003,-0.521846865490079,0.155078125,0.2
-147.26799999999994,2762,276,373,763904,400.0,-0.01967238582437858,0.023682125,3720,0.9934884905815125,1.1251822590827942,0.33134472370147705,0.0003,-0.40750862993299963,0.127685546875,0.2
-144.123,2770,276,374,765952,399.14,-0.023077893850859253,0.06288651,3730,0.9888322949409485,2.000562998652458,0.6161417961120605,0.0003,-0.4554188381880522,0.193603515625,0.2
-141.40200000000002,2777,276,375,768000,399.14,0.0005323688732460141,0.041394375,3740,0.9478647112846375,21.244317373633386,1.9745399951934814,0.0003,-0.3913190420717001,0.14345703125,0.2
-140.046,2785,276,376,770048,399.14,-0.017194317816756666,0.0308009,3750,0.9920810461044312,1.5448757432401181,0.3964481055736542,0.0003,-0.341668326407671,0.10625,0.2
-140.553,2793,276,377,772096,399.14,-0.010095697641372681,0.04392411,3760,0.9917211532592773,1.1428650543093681,0.23232313990592957,0.0003,-0.4744076032191515,0.157958984375,0.2
-140.505,2800,276,378,774144,399.14,-0.007870038360124454,0.028638821,3770,0.9647473692893982,4.776626147329807,0.9967726469039917,0.0003,-0.41674330532550813,0.154296875,0.2
-140.811,2807,276,379,776192,399.14,-0.019592336216010153,0.042169835,3780,0.9961752891540527,0.97814382314682,0.26124367117881775,0.0003,-0.3485629986971617,0.151171875,0.2
-139.8315,2815,276,380,778240,399.11,-0.020774815510958434,0.033032045,3790,0.9689522385597229,4.412365680932998,0.9053386449813843,0.0003,-0.5188027340918779,0.200732421875,0.2
-139.1745,2824,276,381,780288,399.11,-0.002207063703099266,0.041739687,3800,0.9368082880973816,23.13210925757885,14.436302185058594,0.0003,-0.4323537487536669,0.1380859375,0.2
-136.69650000000001,2832,276,382,782336,399.11,-0.02422727863304317,0.042712018,3810,0.9455608129501343,4.435982934385538,0.4384606182575226,0.0003,-0.638708870857954,0.217578125,0.2
-137.84550000000002,2839,276,383,784384,399.11,-0.021751613036030903,0.03297751,3820,0.9897180795669556,2.0047725059092043,0.3134971261024475,0.0003,-0.39658952988684176,0.134375,0.2
-137.5425,2846,276,384,786432,399.11,-0.011884376432863063,0.03522636,3830,0.974129319190979,2.4573050759732724,0.40959545969963074,0.0003,-0.5973489455878734,0.175830078125,0.2
-137.38649999999998,2854,276,385,788480,399.11,-0.02276210951968096,0.052724004,3840,0.9931262135505676,1.299992559850216,0.4855065941810608,0.0003,-0.3161139255389571,0.12529296875,0.2
-137.5695,2862,276,386,790528,399.11,-0.015116402594139799,0.036318198,3850,0.9942774176597595,0.8807601507753133,0.2793128192424774,0.0003,-0.4393502831459045,0.153466796875,0.2
-136.4265,2870,276,387,792576,399.11,-0.02024465331924148,0.0526317,3860,0.9958580732345581,0.8279462091624736,0.10443973541259766,0.0003,-0.4269777834415436,0.178515625,0.2
-135.9705,2878,276,388,794624,399.11,-0.014328149805078284,0.054994777,3870,0.9963642954826355,0.8646240990608931,0.3583504259586334,0.0003,-0.49057045839726926,0.1841796875,0.2
-134.8455,2885,276,389,796672,399.11,-0.014951513876440004,0.023678463,3880,0.9965206980705261,0.7512410279363394,0.22306329011917114,0.0003,-0.550300196558237,0.17890625,0.2
-133.98450000000003,2892,276,390,798720,399.11,0.0019302096596220508,0.03362902,3890,0.966999888420105,2.7022251941263677,0.20344200730323792,0.0003,-0.65956886485219,0.235693359375,0.2
-133.8255,2901,275,391,800768,399.11,-0.023796022601891308,0.031870864,3900,0.9948588013648987,1.2292058534920216,0.38307619094848633,0.0003,-0.4081450905650854,0.147607421875,0.2
-133.5825,2909,275,392,802816,399.11,-0.020386847510235385,0.03148822,3910,0.9885770678520203,2.4250333532691,0.5577065348625183,0.0003,-0.4209750171750784,0.150732421875,0.2
-136.0635,2917,275,393,804864,399.11,-0.0176858811522834,0.02374156,3920,0.9955304265022278,0.824530316889286,0.17199723422527313,0.0003,-0.46405080892145634,0.15771484375,0.2
-136.64350000000002,2925,275,394,806912,399.97,-0.027609183409367688,0.16486037,3930,0.9611992835998535,3.938137013092637,0.23495730757713318,0.0003,-0.6635271340608597,0.270654296875,0.2
-136.2565,2933,275,395,808960,399.97,-0.014908823592122644,0.07689029,3940,0.9904469847679138,2.2198039911687375,0.9848641157150269,0.0003,-0.2908509813249111,0.123779296875,0.2
-136.09149999999997,2941,275,396,811008,399.97,-0.010602367599494756,0.050077695,3950,0.9958586692810059,0.9813106678426265,0.2816227078437805,0.0003,-0.4092507030814886,0.172705078125,0.2
-135.45850000000002,2950,275,397,813056,399.97,-0.0023484921839553863,0.020863866,3960,0.9837886095046997,2.608443605154753,0.8294489979743958,0.0003,-0.5258158445358276,0.1564453125,0.2
-135.11950000000002,2958,275,398,815104,399.97,-0.018619824608322233,0.03466364,3970,0.996697723865509,0.8956394266337157,0.17617660760879517,0.0003,-0.4644078504294157,0.13203125,0.2
-133.642,2966,275,399,817152,400.0,-0.021833300311118364,0.040474504,3980,0.9955020546913147,1.1334886960685253,0.33757835626602173,0.0003,-0.473241113871336,0.189990234375,0.2
-131.596,2973,275,400,819200,400.0,-0.01743495068512857,0.03216528,3990,0.9964649677276611,0.9956361055374146,0.38091394305229187,0.0003,-0.5773829810321331,0.19150390625,0.2
-130.783,2979,275,401,821248,400.0,-0.02218200237257406,0.036355928,4000,0.9955273866653442,1.346744093298912,0.428523987531662,0.0003,-0.5793930858373642,0.2189453125,0.2
-131.038,2988,275,402,823296,400.0,-0.001786463346797973,0.08738571,4010,0.9961291551589966,0.9299667458981276,0.21302054822444916,0.0003,-0.5252189554274083,0.270166015625,0.2
-130.054,2996,275,403,825344,400.0,-0.024337075417861342,0.030124549,4020,0.9913772940635681,1.5651129446923733,0.2722163200378418,0.0003,-0.6767898119986058,0.2185546875,0.2
-129.988,3004,275,404,827392,400.0,-0.018638602265855297,0.037350066,4030,0.9920609593391418,1.5279880836606026,0.2513665556907654,0.0003,-0.6408752955496311,0.19072265625,0.2
-129.91899999999998,3011,275,405,829440,400.0,-0.022093695076182484,0.04823741,4040,0.9944617748260498,1.285470124334097,0.25779280066490173,0.0003,-0.66146180331707,0.248779296875,0.2
-130.86999999999998,3018,275,406,831488,400.0,-0.023188854928594082,0.020134486,4050,0.9947268962860107,1.2010916776955127,0.4480091333389282,0.0003,-0.6792742386460304,0.201953125,0.2
-131.04399999999998,3025,275,407,833536,400.0,-0.004385889560217038,0.026125606,4060,0.9862246513366699,1.4439823985099793,0.32963135838508606,0.0003,-0.7381063237786293,0.224462890625,0.2
-131.97699999999998,3034,275,408,835584,400.0,-0.02540419777506031,0.03390356,4070,0.9955768585205078,1.1186195064336062,0.32869377732276917,0.0003,-0.686631491780281,0.20791015625,0.2
-130.987,3041,275,409,837632,400.0,-0.015124623596784658,0.029075537,4080,0.9791201949119568,3.202200084924698,0.39835795760154724,0.0003,-0.8782546430826187,0.217626953125,0.2
-131.47299999999998,3049,275,410,839680,400.0,-0.014376093231840059,0.02027528,4090,0.9834831953048706,2.961514005064964,1.0972883701324463,0.0003,-0.7474941216409207,0.17939453125,0.2
-131.72200000000004,3056,275,411,841728,400.0,-0.015656657953513786,0.037576906,4100,0.9910513758659363,1.4731511116027831,0.3618599772453308,0.0003,-0.7931017406284809,0.233447265625,0.2
-131.269,3063,275,412,843776,400.0,-0.01860581814253237,0.04019221,4110,0.994125485420227,0.9076342608779668,0.1877385377883911,0.0003,-0.7465786419808864,0.235302734375,0.2
-129.067,3070,275,413,845824,400.0,-0.02031567603116855,0.028499935,4120,0.995677649974823,1.1526594448834657,0.34559327363967896,0.0003,-0.6618479989469052,0.230419921875,0.2
-129.409,3078,275,414,847872,400.0,-0.018010235222755,0.031035103,4130,0.9948718547821045,1.3741042591631412,0.516487717628479,0.0003,-0.699222132563591,0.176416015625,0.2
-129.595,3086,275,415,849920,400.0,-0.027645645767915995,0.0426104,4140,0.9939147233963013,1.7350277341902256,0.3709474205970764,0.0003,-0.6711441725492477,0.22421875,0.2
-129.181,3094,275,416,851968,400.0,-0.013622376389685087,0.041232422,4150,0.9965783953666687,0.9771601978689433,0.35388919711112976,0.0003,-0.7278912730515004,0.22626953125,0.2
-129.34000000000003,3101,275,417,854016,400.0,-0.01890076117706485,0.026510088,4160,0.9968546032905579,1.0634430848062038,0.33014607429504395,0.0003,-0.660855907201767,0.192822265625,0.2
-130.372,3107,275,418,856064,400.0,-0.019482173383585176,0.030322965,4170,0.9953397512435913,0.9977940376847982,0.35228273272514343,0.0003,-0.663175430893898,0.19892578125,0.2
-130.275,3115,275,419,858112,399.92,-0.004499520716490224,0.022508264,4180,0.9908794164657593,1.2521033704280853,0.335197389125824,0.0003,-0.7667051449418067,0.202294921875,0.2
-130.34099999999998,3124,275,420,860160,399.92,-0.004076644041924737,0.034888234,4190,0.9465611577033997,24.90210590362549,10.046653747558594,0.0003,-0.6435786344110965,0.216064453125,0.2
-130.50599999999997,3133,275,421,862208,399.92,-0.01993666650960222,0.040699795,4200,0.9948422908782959,1.1534913957118988,0.3940502405166626,0.0003,-0.7617305651307106,0.179296875,0.2
-131.121,3140,275,422,864256,399.92,-0.010293425151030534,0.023008002,4210,0.9935619831085205,1.2677274160087109,0.3003688454627991,0.0003,-0.8156880751252175,0.21005859375,0.2
-130.743,3147,275,423,866304,399.92,-0.032017232151702046,0.13185126,4220,0.9699432849884033,4.038349615037442,1.4147181510925293,0.0003,-0.7676984526216983,0.23857421875,0.2
-130.56000000000003,3155,275,424,868352,399.92,-0.023041207127971575,0.038432755,4230,0.9947842955589294,1.490262906253338,0.400776207447052,0.0003,-0.8481418080627918,0.211376953125,0.2
-129.669,3162,275,425,870400,399.92,-0.020079497643746436,0.03190314,4240,0.9965310096740723,0.9387967396527529,0.1208275631070137,0.0003,-0.804058100283146,0.2435546875,0.2
-131.10900000000004,3170,275,426,872448,399.92,-0.009818382951198145,0.028510872,4250,0.9966413974761963,0.5943484853953123,0.09259437024593353,0.0003,-0.7827197559177875,0.306201171875,0.2
-129.46800000000002,3178,275,427,874496,398.36,-0.0223284320672974,0.051300056,4260,0.9685618877410889,2.6543412335217,0.3400743007659912,0.0003,-0.811436053365469,0.284619140625,0.2
-128.619,3185,275,428,876544,398.36,0.0017969195178011432,0.03978461,4270,0.947295606136322,18.223856237530708,6.553777694702148,0.0003,-0.6252893283963203,0.25615234375,0.2
-129.66899999999998,3191,275,429,878592,398.36,-0.017846642719814555,0.03278872,4280,0.9886519908905029,2.1280886843800544,0.5409555435180664,0.0003,-0.6751454181969165,0.1921875,0.2
-129.579,3199,275,430,880640,398.36,-0.007744614715920761,0.034281217,4290,0.9709709286689758,2.641800034791231,0.3339313268661499,0.0003,-0.6941278666257858,0.189208984375,0.2
-130.01600000000002,3207,275,431,882688,396.9,-0.015524182576336898,0.017870221,4300,0.9963522553443909,0.7079622961580754,0.25149771571159363,0.0003,-0.6707316197454929,0.155615234375,0.2
-132.72199999999998,3215,275,432,884736,396.9,-0.008958542544860393,0.039070595,4310,0.9086835384368896,23.926584002375602,7.508378505706787,0.0003,-0.7862034790217877,0.2626953125,0.2
-133.004,3222,275,433,886784,396.9,-0.007643792795715853,0.037027806,4320,0.9364818334579468,5.5239260494709015,0.6867417693138123,0.0003,-0.584224896878004,0.168115234375,0.2
-133.682,3229,275,434,888832,396.9,-0.0183734289399581,0.019126687,4330,0.9848486185073853,2.2588194966316224,0.4124891459941864,0.0003,-0.5295446529984474,0.12958984375,0.2
-135.065,3235,275,435,890880,396.9,-0.008000987599371002,0.023670651,4340,0.9850645661354065,1.6224504098296166,0.22282487154006958,0.0003,-0.568464969843626,0.152880859375,0.2
-135.21800000000002,3244,275,436,892928,396.9,-0.003288960113422945,0.020986795,4350,0.9761460423469543,1.788808074221015,0.25925755500793457,0.0003,-0.5404475837945938,0.136767578125,0.2
-134.66000000000003,3253,275,437,894976,396.9,-0.023077004461083562,0.024438608,4360,0.9923079013824463,1.7784803695976734,0.2507460415363312,0.0003,-0.5198825862258672,0.14921875,0.2
-134.31650000000002,3262,274,438,897024,394.41,-0.004254314617719501,0.04170097,4370,0.9941964149475098,0.9580461267381907,0.28324615955352783,0.0003,-0.5935778666287661,0.21640625,0.2
-135.0695,3269,274,439,899072,394.41,-0.004528519045561552,0.041815847,4380,0.9224669933319092,20.74788022339344,9.21337890625,0.0003,-0.47751793786883356,0.155078125,0.2
-136.9235,3276,275,440,901120,394.41,-0.0064740185043774545,0.022832723,4390,0.98500657081604,2.050200016051531,0.48841437697410583,0.0003,-0.5351535093039275,0.12841796875,0.2
-137.94350000000003,3283,275,441,903168,394.41,-0.02239241951610893,0.057459865,4400,0.9506376385688782,4.005527594685555,0.46982771158218384,0.0003,-0.5830305121839047,0.200830078125,0.2
-137.8985,3292,274,442,905216,394.41,-0.0016647644806653261,0.017609835,4410,0.9600980877876282,2.9585583746433257,0.4320473074913025,0.0003,-0.5101025130599737,0.143798828125,0.2
-138.84949999999998,3300,274,443,907264,394.41,-0.02129751759930514,0.02698034,4420,0.9877585768699646,2.2793958358466626,0.5663781762123108,0.0003,-0.5287121161818504,0.15791015625,0.2
-139.12850000000003,3308,274,444,909312,394.41,-0.01132745337090455,0.02397802,4430,0.9742089509963989,2.5086089998483656,0.521847665309906,0.0003,-0.6262312017381191,0.161767578125,0.2
-137.9975,3315,274,445,911360,394.41,-0.014106166490819305,0.03277626,4440,0.9917126297950745,1.5352673694491386,0.4729909896850586,0.0003,-0.48823782354593276,0.17021484375,0.2
-139.56349999999998,3322,274,446,913408,395.97,-0.020134237172896974,0.022291359,4450,0.9937884211540222,1.4710443336516619,0.43063271045684814,0.0003,-0.3718077603727579,0.13369140625,0.2
-140.0285,3330,274,447,915456,395.97,-0.011610549222677947,0.01547456,4460,0.979334831237793,2.6598077692091464,0.7486715316772461,0.0003,-0.4672247190028429,0.114892578125,0.2
-140.38549999999998,3338,274,448,917504,395.97,-0.01607784811640158,0.017110446,4470,0.9901861548423767,2.810436388850212,1.155258059501648,0.0003,-0.5364685442298651,0.116552734375,0.2
-140.7425,3346,274,449,919552,395.97,-0.01595762267825194,0.025277004,4480,0.9503880739212036,5.803397583961487,0.7943302989006042,0.0003,-0.6323323182761669,0.16552734375,0.2
-141.9045,3353,274,450,921600,397.43,-0.013571575190871954,0.019023728,4490,0.9911208748817444,2.119555462151766,0.648453414440155,0.0003,-0.32109381034970286,0.0759765625,0.2
-138.51450000000003,3360,274,451,923648,397.43,-0.014416329772211611,0.024678115,4500,0.98753422498703,1.9270816542208196,0.5200755000114441,0.0003,-0.45891301743686197,0.1431640625,0.2
-138.33150000000003,3367,274,452,925696,397.43,-0.04051572555908933,0.047363505,4510,0.9918861985206604,1.0393101066350936,0.3013353943824768,0.0003,-0.5106996435672044,0.218896484375,0.2
-138.8295,3376,274,453,927744,397.43,-0.021025692086550408,0.023733065,4520,0.988218367099762,2.988236424326897,1.0545940399169922,0.0003,-0.35724959410727025,0.1298828125,0.2
-138.4545,3384,274,454,929792,397.43,-0.016883218512521125,0.039643113,4530,0.9943167567253113,0.986131540313363,0.2862158417701721,0.0003,-0.3282280720770359,0.168212890625,0.2
-137.34150000000002,3392,274,455,931840,397.43,-0.019250930560519918,0.03928624,4540,0.9929324984550476,1.5020618878304959,0.3524388372898102,0.0003,-0.4039329424500465,0.154150390625,0.2
-136.43300000000002,3399,274,456,933888,396.24,-0.013536947773536668,0.035742633,4550,0.9962452054023743,0.9874845840036869,0.28440842032432556,0.0003,-0.4505339343100786,0.164404296875,0.2
-138.32250000000002,3405,274,457,935936,398.81,0.0013851236581103876,0.06107118,4560,0.9485079050064087,22.689169895648956,1.4130630493164062,0.0003,-0.43178216703236105,0.185791015625,0.2
-136.12050000000002,3413,274,458,937984,398.81,-0.015187822928419336,0.03078382,4570,0.9945183396339417,1.2606923282146454,0.21338540315628052,0.0003,-0.4397599343210459,0.145263671875,0.2
-134.89950000000002,3421,274,459,940032,398.81,-0.02030593718518503,0.019064508,4580,0.9931944012641907,1.5082341343164445,0.5658068060874939,0.0003,-0.39081208445131776,0.145166015625,0.2
-133.3605,3429,274,460,942080,398.81,-0.0426983903045766,0.037275486,4590,0.9593309164047241,6.933383153378964,1.3912712335586548,0.0003,-0.4817891616374254,0.208154296875,0.2
-133.6245,3437,274,461,944128,398.81,-0.023599251828272827,0.046836548,4600,0.9950965046882629,1.1591532792896033,0.27011215686798096,0.0003,-0.4647705353796482,0.185888671875,0.2
-133.87949999999998,3444,274,462,946176,398.81,-0.028956621960969642,0.04165791,4610,0.9933121204376221,1.3240469515323638,0.3444978594779968,0.0003,-0.39397787414491175,0.190283203125,0.2
-132.6345,3451,274,463,948224,398.81,-0.02271010410040617,0.048099723,4620,0.9881855845451355,2.2350020609796046,0.6080920696258545,0.0003,-0.49408436343073847,0.1701171875,0.2
-132.4185,3459,274,464,950272,398.81,-0.013930605017230846,0.03244705,4630,0.9953763484954834,0.9019440114498138,0.24945014715194702,0.0003,-0.36406794674694537,0.160791015625,0.2
-132.67049999999998,3467,274,465,952320,398.81,-0.013966381078353152,0.032464597,4640,0.9893524646759033,1.9790459029376506,0.8423667550086975,0.0003,-0.4561485979706049,0.167578125,0.2
-132.0615,3477,274,466,954368,398.81,-0.02308273030212149,0.02274511,4650,0.9875235557556152,2.2777062922716143,0.9551255702972412,0.0003,-0.34489809088408946,0.126806640625,0.2
-130.54050000000004,3485,274,467,956416,398.81,-0.019793026067782195,0.033703174,4660,0.9913272261619568,1.8994395740330219,0.24632468819618225,0.0003,-0.4535854492336512,0.1416015625,0.2
-130.85249999999996,3492,274,468,958464,398.81,-0.006514694294310175,0.021500155,4670,0.9823172092437744,3.234569303691387,1.3507089614868164,0.0003,-0.4047579556703568,0.12861328125,0.2
-131.2635,3499,274,469,960512,398.81,-0.021885473566362633,0.08197495,4680,0.969460666179657,6.360616244375706,1.0907617807388306,0.0003,-0.4865113813430071,0.15830078125,0.2
-131.98649999999998,3508,274,470,962560,398.81,-0.009907500189729034,0.05260085,4690,0.9937300682067871,0.8893401592969894,0.13059721887111664,0.0003,-0.42823451198637486,0.177880859375,0.2
-131.6895,3519,274,471,964608,398.81,-0.02454202146618627,0.06326399,4700,0.9911860823631287,1.463595727086067,0.31932440400123596,0.0003,-0.4755807239562273,0.2630859375,0.2
-131.9505,3528,273,472,966656,398.81,-0.005941369669744745,0.050388023,4710,0.9911333918571472,0.9314009305089712,0.1897345781326294,0.0003,-0.4850017070770264,0.199365234375,0.2
-132.4995,3534,274,473,968704,398.81,-0.010252681048586964,0.026669629,4720,0.9883654117584229,1.3964022215455771,0.24845977127552032,0.0003,-0.533230547606945,0.2333984375,0.2
-132.2655,3542,274,474,970752,398.81,-0.01050199447781779,0.018732022,4730,0.9722257852554321,2.875676166266203,0.9602580070495605,0.0003,-0.5393202770501375,0.16494140625,0.2
-133.02749999999997,3550,273,475,972800,398.81,-0.019052930938778447,0.026942126,4740,0.9962953329086304,0.7727074347436428,0.26459836959838867,0.0003,-0.4147406380623579,0.142822265625,0.2
-134.047,3559,273,476,974848,400.0,-0.0033082846843171866,0.017208647,4750,0.9892337322235107,1.1002919178456068,0.24743902683258057,0.0003,-0.5871335044503212,0.139453125,0.2
-134.191,3568,273,477,976896,400.0,-0.015662833442911507,0.050796267,4760,0.9971811771392822,0.8635433468967676,0.09192680567502975,0.0003,-0.39077849201858045,0.161181640625,0.2
-135.346,3575,273,478,978944,400.0,-0.01557195273344405,0.022037461,4770,0.9956263303756714,1.1148420426994563,0.3396978974342346,0.0003,-0.4506844408810139,0.1189453125,0.2
-135.07899999999998,3582,273,479,980992,400.0,-0.012680062622530386,0.03724944,4780,0.9618051648139954,2.7867292903363703,0.5276038646697998,0.0003,-0.5391712039709091,0.141259765625,0.2
-135.457,3590,273,480,983040,400.0,-0.014606679131975397,0.039364867,4790,0.9946831464767456,1.4356506414711476,0.33321356773376465,0.0003,-0.4614941384643316,0.17998046875,0.2
-137.077,3598,273,481,985088,400.0,-0.004105527067440562,0.027227182,4800,0.9839184880256653,1.6779657907783985,0.3675260841846466,0.0003,-0.5993376083672046,0.200439453125,0.2
-138.08799999999997,3607,273,482,987136,400.0,-0.014086306490935386,0.050015196,4810,0.9872366189956665,1.8151449501514434,0.3400959372520447,0.0003,-0.5082404382526875,0.235888671875,0.2
-139.291,3615,273,483,989184,400.0,-0.04627003619680181,0.0572062,4820,0.9510065913200378,6.101485753804445,0.7562918066978455,0.0003,-0.4614324778318405,0.217578125,0.2
-139.171,3622,273,484,991232,400.0,-0.030782567031565122,0.029739533,4830,0.9910567998886108,1.3468903131783008,0.3620183765888214,0.0003,-0.4117799043655396,0.1833984375,0.2
-139.231,3629,273,485,993280,400.0,-0.018736136436928064,0.048303053,4840,0.9960823655128479,1.218091782927513,0.19113217294216156,0.0003,-0.4935397025197744,0.168310546875,0.2
-139.08100000000002,3638,273,486,995328,400.0,-0.01892944937280845,0.023993995,4850,0.9889090657234192,1.9949952416121959,0.5420175790786743,0.0003,-0.5307879138737917,0.148046875,0.2
-138.41199999999998,3647,273,487,997376,400.0,-0.01957973241514992,0.027423598,4860,0.9964488744735718,1.124690217897296,0.22326689958572388,0.0003,-0.5453415654599667,0.15439453125,0.2
-137.794,3656,273,488,999424,400.0,-0.01887356764927972,0.049907804,4870,0.9941655993461609,1.2178401559591294,0.3276291489601135,0.0003,-0.5624772917479277,0.187060546875,0.2
-138.34300000000002,3663,273,489,1001472,400.0,-0.023744595373864287,0.027683198,4880,0.9966702461242676,0.7414493676275015,0.12734657526016235,0.0003,-0.5807874530553818,0.19013671875,0.2
-138.082,3670,273,490,1003520,400.0,-0.015015873219817876,0.08178995,4890,0.9756138324737549,3.643391005694866,1.131040096282959,0.0003,-0.6607901945710182,0.2291015625,0.2
-137.686,3677,273,491,1005568,400.0,-0.01860535956802778,0.03399889,4900,0.9805794358253479,1.5184275146573782,0.15286719799041748,0.0003,-0.6342235043644905,0.240234375,0.2
-137.608,3687,273,492,1007616,400.0,-0.013477613334544003,0.052620642,4910,0.9901818633079529,1.5680031411349773,0.40549665689468384,0.0003,-0.5013792060315609,0.198291015625,0.2
-137.653,3695,273,493,1009664,400.0,-0.008385045232716947,0.04980959,4920,0.9908580780029297,1.153096279129386,0.17110176384449005,0.0003,-0.457589827477932,0.205224609375,0.2
-137.353,3703,273,494,1011712,400.0,-0.01124512798851356,0.03700762,4930,0.9946052432060242,1.0399472516030073,0.334513396024704,0.0003,-0.6283753357827664,0.228564453125,0.2
-137.209,3709,273,495,1013760,400.0,-0.016017458419082687,0.01659311,4940,0.9925399422645569,1.6182848334312439,0.3191072344779968,0.0003,-0.5480093941092491,0.13173828125,0.2
-137.914,3716,273,496,1015808,400.0,-0.01664802024315577,0.03769805,4950,0.9927104115486145,1.202063699066639,0.34437674283981323,0.0003,-0.652462723851204,0.195654296875,0.2
-137.59900000000005,3725,273,497,1017856,400.0,-0.004150449164444581,0.028491966,4960,0.9879404306411743,1.7744717426598071,0.7789149284362793,0.0003,-0.6605058841407299,0.17255859375,0.2
-136.753,3733,273,498,1019904,400.0,-0.02710983653087169,0.028320055,4970,0.9750471711158752,2.8898650243878365,0.6287244558334351,0.0003,-0.5990892618894577,0.190380859375,0.2
-136.801,3742,273,499,1021952,400.0,-0.022645862028002738,0.03154157,4980,0.9954365491867065,0.9524747781455517,0.15873515605926514,0.0003,-0.6210869327187538,0.17939453125,0.2
-135.34,3749,273,500,1024000,400.0,-0.016948214106378146,0.030724157,4990,0.9962863326072693,0.7476707801222802,0.16341647505760193,0.0003,-0.6434361562132835,0.21962890625,0.2
-132.832,3756,273,501,1026048,400.0,-0.01729292192030698,0.029387625,5000,0.9955874085426331,1.117559115588665,0.2668038606643677,0.0003,-0.530141344666481,0.147998046875,0.2
-131.488,3764,273,502,1028096,400.0,-0.013063693488948046,0.0436943,5010,0.9962301850318909,1.1890868902206422,0.38604557514190674,0.0003,-0.5298004683107138,0.180712890625,0.2
-134.125,3772,273,503,1030144,400.0,-0.023784008447546513,0.03251709,5020,0.9924999475479126,1.9902913689613342,0.49051225185394287,0.0003,-0.6548159934580327,0.19208984375,0.2
-134.20600000000002,3781,272,504,1032192,400.0,-0.00717881006130483,0.03399337,5030,0.9408319592475891,5.581084284186363,0.7208853363990784,0.0003,-0.4900963243097067,0.148291015625,0.2
-134.002,3789,272,505,1034240,400.0,-0.023098842718172818,0.047174297,5040,0.9951064586639404,0.9710546966642142,0.20166006684303284,0.0003,-0.6563865557312966,0.1923828125,0.2
-133.975,3796,272,506,1036288,400.0,-0.02047930342378095,0.031492732,5050,0.9953645467758179,1.0050325632095336,0.21028196811676025,0.0003,-0.7013194337487221,0.201025390625,0.2
-133.969,3803,273,507,1038336,400.0,-0.01858627873007208,0.033214323,5060,0.9947462677955627,1.1872245714068412,0.37087851762771606,0.0003,-0.5773149989545345,0.17900390625,0.2
-134.815,3811,272,508,1040384,400.0,-0.0036293172888690606,0.053170495,5070,0.9937781691551208,1.07208119854331,0.31537187099456787,0.0003,-0.6677709512412549,0.22177734375,0.2
-133.67499999999998,3820,272,509,1042432,400.0,-0.019351936323801056,0.022290884,5080,0.9796736836433411,2.35726353675127,0.44722625613212585,0.0003,-0.6021768622100353,0.17294921875,0.2
-134.03200000000004,3828,272,510,1044480,400.0,-0.005084051989251747,0.031083606,5090,0.9908565878868103,1.2548974152654409,0.16505062580108643,0.0003,-0.4485931366682053,0.117578125,0.2
-135.346,3836,272,511,1046528,400.0,-0.017003097766428256,0.037718166,5100,0.9873378872871399,2.3389208763837814,0.6697107553482056,0.0003,-0.564934404194355,0.187255859375,0.2
-135.955,3843,272,512,1048576,400.0,-0.04656667745439336,0.056991577,5110,0.9554597735404968,5.0748178221285345,1.0225856304168701,0.0003,-0.5514851965010166,0.267578125,0.2
-136.942,3850,272,513,1050624,400.0,0.0021462714183144273,0.04566269,5120,0.9899411797523499,1.6731015555560589,0.49063724279403687,0.0003,-0.46884644478559495,0.249609375,0.2
-137.488,3858,272,514,1052672,400.0,-0.030553653347305955,0.041867606,5130,0.9899862408638,1.2402129907160997,0.1991664618253708,0.0003,-0.5005250077694654,0.225830078125,0.2
-137.737,3866,272,515,1054720,400.0,-0.024150118045508862,0.057643775,5140,0.9944849610328674,1.307764870673418,0.47595858573913574,0.0003,-0.45053854696452617,0.168798828125,0.2
-138.682,3875,272,516,1056768,400.0,-0.012325275174225681,0.047422666,5150,0.9844722151756287,1.511394603922963,0.24560292065143585,0.0003,-0.4305941917002201,0.1392578125,0.2
-138.376,3882,272,517,1058816,400.0,-0.02620908272219822,0.033343747,5160,0.9787054657936096,1.9066631641238927,0.2354753166437149,0.0003,-0.5225468751043081,0.176416015625,0.2
-138.703,3888,272,518,1060864,400.0,-0.02344136802130379,0.06446067,5170,0.994437038898468,1.2069717459380627,0.41362980008125305,0.0003,-0.4684290673583746,0.197021484375,0.2
-139.213,3896,272,519,1062912,400.0,-0.015490223484812304,0.03217455,5180,0.973241925239563,3.765835401415825,1.3370590209960938,0.0003,-0.4553323719650507,0.163232421875,0.2
-139.738,3904,272,520,1064960,400.0,-0.03288235438521951,0.029876962,5190,0.9809406995773315,2.371024753898382,0.3856106400489807,0.0003,-0.4369083229452372,0.157373046875,0.2
-139.69,3913,272,521,1067008,400.0,-0.023191710549872367,0.022078887,5200,0.9915105104446411,1.5934389881789683,0.3268503248691559,0.0003,-0.4201373003423214,0.13583984375,0.2
-139.582,3921,272,522,1069056,400.0,-0.01486237565986812,0.028112978,5210,0.9934268593788147,1.5782667353749276,0.28556400537490845,0.0003,-0.46069022044539454,0.14287109375,0.2
-137.41299999999998,3928,272,523,1071104,400.0,-0.022954406077042223,0.044109993,5220,0.994304358959198,1.4168236799538136,0.319643497467041,0.0003,-0.47626817524433135,0.17529296875,0.2
-137.803,3935,272,524,1073152,400.0,-0.010766090548713692,0.02844365,5230,0.9845814108848572,2.549785137921572,0.7045947909355164,0.0003,-0.5516378741711379,0.1697265625,0.2
-137.965,3943,272,525,1075200,400.0,-0.015677758562378585,0.029959042,5240,0.9865713715553284,2.2972279377281666,0.8663101196289062,0.0003,-0.4886950146406889,0.178173828125,0.2
-138.43900000000002,3951,272,526,1077248,400.0,-0.021192631358280777,0.056322955,5250,0.9952932000160217,1.0527983631938695,0.25246548652648926,0.0003,-0.4970211036503315,0.1677734375,0.2
-137.98899999999998,3959,272,527,1079296,400.0,-0.015929149527801202,0.037350904,5260,0.99580979347229,0.7861814610660076,0.15941447019577026,0.0003,-0.5219838783144951,0.2173828125,0.2
-138.661,3967,272,528,1081344,400.0,-0.01983291161595844,0.027028058,5270,0.9918172359466553,1.5768238551914693,0.4354023039340973,0.0003,-0.511697494238615,0.13603515625,0.2
-139.807,3973,272,529,1083392,400.0,0.005151091879815795,0.02582189,5280,0.9485092759132385,5.506213671714067,0.7378307580947876,0.0003,-0.38966878429055213,0.1412109375,0.2
-139.66,3982,272,530,1085440,400.0,-0.009391473609139212,0.026439592,5290,0.9802253246307373,1.401199223101139,0.30650147795677185,0.0003,-0.3217096537351608,0.09169921875,0.2
-137.947,3990,272,531,1087488,400.0,-0.015275502629810945,0.05320152,5300,0.9960179328918457,0.8686989534646272,0.15266013145446777,0.0003,-0.3923963524401188,0.192236328125,0.2
-138.71800000000002,3999,272,532,1089536,400.0,-0.005008447845466435,0.027221117,5310,0.9808331727981567,2.1726286273449658,0.423240602016449,0.0003,-0.510335810855031,0.1484375,0.2
-140.041,4007,272,533,1091584,400.0,-0.0011696297908201814,0.024526458,5320,0.9482463598251343,7.396734519302845,0.8627322316169739,0.0003,-0.47882266007363794,0.182861328125,0.2
-140.05,4012,272,534,1093632,400.0,-0.015281274029985071,0.037626654,5330,0.9717002511024475,2.2422480158507825,0.3562138080596924,0.0003,-0.47478730566799643,0.16552734375,0.2
-139.93300000000002,4017,272,535,1095680,400.0,-0.02306682491034735,0.052399784,5340,0.9831283092498779,2.977077906578779,0.6314430236816406,0.0003,-0.32176296748220923,0.135107421875,0.2
-139.93599999999998,4022,272,536,1097728,400.0,-0.03553185967030004,0.04146394,5350,0.9436997175216675,5.11750395745039,1.102332592010498,0.0003,-0.38513331227004527,0.222998046875,0.2
-139.615,4027,273,537,1099776,400.0,-0.01891333848470822,0.052867718,5360,0.9942038059234619,1.2812718860805035,0.38877007365226746,0.0003,-0.37481746040284636,0.1712890625,0.2
-138.874,4032,273,538,1101824,400.0,-0.009603529510786756,0.019148016,5370,0.9965783357620239,0.8960811100900173,0.19928477704524994,0.0003,-0.23719279356300832,0.083740234375,0.2
-138.526,4038,273,539,1103872,400.0,-0.011767383868573233,0.025957286,5380,0.9933329224586487,1.3633067153394223,0.5459602475166321,0.0003,-0.2995036616921425,0.10078125,0.2
-139.49200000000002,4043,273,540,1105920,400.0,-0.015392567770322784,0.032617908,5390,0.9903697967529297,1.5549320600926877,0.39808985590934753,0.0003,-0.46196578703820707,0.167236328125,0.2
-139.89700000000002,4048,273,541,1107968,400.0,-0.03384077002410777,0.045120984,5400,0.9814137816429138,2.801437297463417,0.7613400220870972,0.0003,-0.4707334768027067,0.239306640625,0.2
-140.482,4053,273,542,1110016,400.0,-0.025727563194232063,0.035312563,5410,0.9872720837593079,1.728915459662676,0.42237165570259094,0.0003,-0.4333631552755833,0.15849609375,0.2
-141.166,4058,274,543,1112064,400.0,0.0021093007992021738,0.023844983,5420,0.9768330454826355,2.16591404825449,0.5624446272850037,0.0003,-0.3734097987413406,0.138916015625,0.2
-141.64600000000002,4063,274,544,1114112,400.0,-0.012704432505415753,0.040739186,5430,0.9793123602867126,2.527172727137804,0.8074826598167419,0.0003,-0.49827741719782354,0.165283203125,0.2
-141.382,4068,274,545,1116160,400.0,-0.013958536577410996,0.029463317,5440,0.9884737133979797,1.997345906496048,0.3415026366710663,0.0003,-0.5496372975409031,0.167333984375,0.2
-140.95899999999997,4073,274,546,1118208,400.0,-0.019130437436979265,0.061161317,5450,0.9961869716644287,0.9399804607033729,0.3277285099029541,0.0003,-0.45912522040307524,0.190185546875,0.2
-139.05100000000002,4078,274,547,1120256,400.0,-0.012832446658285335,0.049379863,5460,0.9969486594200134,0.8581516642123461,0.24753333628177643,0.0003,-0.4177396666258574,0.1787109375,0.2
-139.234,4083,274,548,1122304,400.0,-0.02229561096173711,0.035348672,5470,0.9954999089241028,0.9854689411818981,0.1825776845216751,0.0003,-0.6224928438663483,0.188818359375,0.2
-138.766,4088,274,549,1124352,400.0,-0.021264093922218306,0.04112693,5480,0.9948062896728516,1.0497513256967068,0.24632495641708374,0.0003,-0.6177588783204555,0.168798828125,0.2
-138.63400000000001,4094,275,550,1126400,400.0,-0.010741534613771364,0.03598334,5490,0.9930909276008606,0.9461412265896797,0.2257089465856552,0.0003,-0.6400388680398464,0.20546875,0.2
-136.46200000000002,4099,275,551,1128448,400.0,-0.018101295497035607,0.0438674,5500,0.995557427406311,1.078214092552662,0.32460761070251465,0.0003,-0.5218114349991083,0.14384765625,0.2
-135.721,4104,275,552,1130496,400.0,-0.03103816104121506,0.048416644,5510,0.9909873008728027,2.522993640601635,1.088731288909912,0.0003,-0.5460091609507799,0.20087890625,0.2
-135.295,4109,275,553,1132544,400.0,-0.025535350514110176,0.03444459,5520,0.9815977215766907,1.764835398644209,0.26182591915130615,0.0003,-0.5284476537257433,0.187060546875,0.2
-135.121,4114,275,554,1134592,400.0,-0.013305367701104843,0.040047698,5530,0.9951924681663513,1.0973011020570993,0.2199501246213913,0.0003,-0.5012175340205431,0.160986328125,0.2
-133.018,4119,275,555,1136640,400.0,-0.020243961666710674,0.029782234,5540,0.9961751103401184,0.9183081954717636,0.32622742652893066,0.0003,-0.42366652376949787,0.160107421875,0.2
-133.47100000000003,4124,276,556,1138688,400.0,-0.014242194659891539,0.032323927,5550,0.9940822720527649,1.5788256391882896,0.5034199357032776,0.0003,-0.3181880606338382,0.152783203125,0.2
-133.321,4129,276,557,1140736,400.0,-0.008982828469015658,0.025519203,5560,0.9890046715736389,2.5144836843013763,0.39228153228759766,0.0003,-0.4060866989195347,0.123193359375,0.2
-133.888,4135,276,558,1142784,400.0,-0.018888771580532194,0.029345883,5570,0.995914876461029,1.0255662571638822,0.23178404569625854,0.0003,-0.387405988574028,0.136279296875,0.2
-134.75799999999998,4140,276,559,1144832,400.0,-0.010681777974241413,0.034752235,5580,0.9923608899116516,0.9923968680202961,0.2645513713359833,0.0003,-0.5061294630169868,0.1908203125,0.2
-137.52100000000002,4144,276,560,1146880,400.0,-0.003298223315505311,0.04052904,5590,0.9601457118988037,3.9528908155858518,0.4930848181247711,0.0003,-0.5789271280169487,0.188330078125,0.2
-137.461,4149,276,561,1148928,400.0,0.002835553121985868,0.031025838,5600,0.9466812014579773,6.191837741434574,0.3451418876647949,0.0003,-0.3274484608322382,0.12626953125,0.2
-137.809,4154,277,562,1150976,400.0,-0.015748674416681752,0.02697543,5610,0.9933016896247864,1.0189673248678446,0.23274505138397217,0.0003,-0.4490185633301735,0.14599609375,0.2
-136.75300000000001,4160,277,563,1153024,400.0,-0.025654529451276175,0.036905654,5620,0.9857628345489502,2.3724095284938813,0.3727831542491913,0.0003,-0.6593477740883827,0.19853515625,0.2
-136.318,4165,277,564,1155072,400.0,-0.025472737581003456,0.04901923,5630,0.9943049550056458,1.473543857038021,0.37531760334968567,0.0003,-0.4067090507596731,0.183056640625,0.2
-139.018,4170,277,565,1157120,400.0,-0.02275981622951804,0.04145305,5640,0.993043065071106,1.3445640295743941,0.3576045334339142,0.0003,-0.30682816468179225,0.0951171875,0.2
-140.12199999999999,4174,277,566,1159168,400.0,-0.00640686807455495,0.03854812,5650,0.939426064491272,4.936249485611915,0.8805827498435974,0.0003,-0.36629655957221985,0.14482421875,0.2
-141.457,4179,277,567,1161216,400.0,-0.013140840420965106,0.04402814,5660,0.9729421138763428,2.2561446614563465,0.39653146266937256,0.0003,-0.6626433819532395,0.227099609375,0.2
-141.025,4185,277,568,1163264,400.0,-0.005921899573877454,0.020241369,5670,0.985765278339386,2.747359836101532,0.5893913507461548,0.0003,-0.2954313462600112,0.095263671875,0.2
-140.60800000000003,4190,278,569,1165312,400.0,-0.019703052006661892,0.02821665,5680,0.9922224283218384,1.5154355235397816,0.3353944420814514,0.0003,-0.3869157750159502,0.1369140625,0.2
-140.63200000000003,4195,278,570,1167360,400.0,-0.013724392032600008,0.037482865,5690,0.9886119365692139,2.1427935525774955,0.36461034417152405,0.0003,-0.4954218462109566,0.181591796875,0.2
-141.019,4200,278,571,1169408,400.0,-0.018639263516524805,0.05052615,5700,0.993790864944458,1.2053304098546505,0.4088630974292755,0.0003,-0.6272305954247713,0.22880859375,0.2
-140.29,4205,278,572,1171456,400.0,-0.019108545646304265,0.042038113,5710,0.9927520751953125,1.1381963711231946,0.31159093976020813,0.0003,-0.4528367523103952,0.1517578125,0.2
-139.744,4210,278,573,1173504,400.0,-0.013954655856650788,0.03455055,5720,0.9967957139015198,0.9128592159599066,0.2884102761745453,0.0003,-0.4441078945994377,0.147265625,0.2
-141.484,4215,278,574,1175552,400.0,-0.011665609164629132,0.020973494,5730,0.9973183274269104,0.8450438298285008,0.1907619833946228,0.0003,-0.33903429582715033,0.087744140625,0.2
-141.76899999999998,4220,279,575,1177600,400.0,-0.0088221910467837,0.03188227,5740,0.9539402723312378,4.401246140897274,0.4747314751148224,0.0003,-0.42473394311964513,0.130810546875,0.2
-141.12699999999998,4225,279,576,1179648,400.0,-0.019502076297067107,0.025852775,5750,0.9934019446372986,1.1244777482002974,0.3518372178077698,0.0003,-0.3905950229614973,0.151806640625,0.2
-140.548,4230,279,577,1181696,400.0,-0.02102420294249896,0.032787673,5760,0.9972043037414551,0.8686953246593475,0.374051034450531,0.0003,-0.3542463183403015,0.146435546875,0.2
-140.284,4235,279,578,1183744,400.0,-0.01686615054786671,0.04626803,5770,0.9974817633628845,1.053748580813408,0.27588796615600586,0.0003,-0.4376295540481806,0.1384765625,0.2
-136.975,4240,279,579,1185792,400.0,-0.015206114383181557,0.03197884,5780,0.9971684813499451,0.9650934688746929,0.22122304141521454,0.0003,-0.3532595597207546,0.138720703125,0.2
-137.074,4245,279,580,1187840,400.0,-0.006892105302540585,0.019653281,5790,0.9899194240570068,1.296610126644373,0.2979510426521301,0.0003,-0.5634383708238602,0.180322265625,0.2
-136.762,4250,279,581,1189888,400.0,-0.030882052454398946,0.033021268,5800,0.9869672656059265,1.420562294125557,0.18288427591323853,0.0003,-0.6400221325457096,0.214404296875,0.2
-137.77,4256,280,582,1191936,400.0,-0.011459165159612894,0.03589328,5810,0.991465151309967,1.5435419667512178,0.3424398899078369,0.0003,-0.49311284311115744,0.180078125,0.2
-138.295,4261,280,583,1193984,400.0,-0.054158413328696045,0.08094189,5820,0.9435307383537292,4.797647923976183,0.588255763053894,0.0003,-0.47031264528632166,0.26220703125,0.2
-137.722,4266,280,584,1196032,400.0,-0.012063494930043817,0.02117824,5830,0.9826291799545288,3.2582899197936057,1.193467617034912,0.0003,-0.42429174967110156,0.1396484375,0.2
-135.45100000000002,4272,280,585,1198080,400.0,-0.02714538590516895,0.055700496,5840,0.9950040578842163,0.9535787418484688,0.3051837682723999,0.0003,-0.5129967730492353,0.26796875,0.2
-133.85199999999998,4278,280,586,1200128,400.0,-0.010530743020353839,0.03525878,5850,0.9913797974586487,1.3949142307043076,0.4681418240070343,0.0003,-0.5941682040691376,0.234228515625,0.2
-134.22699999999998,4283,280,587,1202176,400.0,-0.03391996442223899,0.03251288,5860,0.9842174649238586,2.57746092453599,0.7452164888381958,0.0003,-0.6485984951257706,0.206005859375,0.2
-133.84599999999998,4289,280,588,1204224,400.0,-0.01989645150024444,0.04978867,5870,0.9924365282058716,1.361773169785738,0.46617749333381653,0.0003,-0.6188824467360974,0.25615234375,0.2
-133.297,4294,280,589,1206272,400.0,-0.01976353083155118,0.02609374,5880,0.9966226816177368,1.1057779856026173,0.31226539611816406,0.0003,-0.46535848192870616,0.148388671875,0.2
-133.048,4300,280,590,1208320,400.0,-0.022347278019879013,0.017922431,5890,0.9962450861930847,1.3162266507744789,0.5262088179588318,0.0003,-0.5121603723615408,0.12373046875,0.2
-132.88,4305,281,591,1210368,400.0,-0.022852086130296812,0.03007828,5900,0.9953924417495728,0.9983409453183413,0.2951103448867798,0.0003,-0.636023361235857,0.191259765625,0.2
-132.78100000000003,4310,281,592,1212416,400.0,-0.02220156161347404,0.03151693,5910,0.9962546229362488,0.8467646311968565,0.15552523732185364,0.0003,-0.5415894534438849,0.164599609375,0.2
-133.18300000000002,4316,281,593,1214464,400.0,-0.018066996641573498,0.04012017,5920,0.9937876462936401,1.1821628447622061,0.2889294922351837,0.0003,-0.6056184634566307,0.210546875,0.2
-131.371,4321,281,594,1216512,400.0,-0.027094779677281623,0.030156882,5930,0.9847770929336548,3.5191483750939367,0.8323809504508972,0.0003,-0.59287254139781,0.151904296875,0.2
-131.017,4326,281,595,1218560,400.0,-0.01885883999639191,0.031013455,5940,0.9929360151290894,1.260423992574215,0.37119558453559875,0.0003,-0.626553051918745,0.2044921875,0.2
-131.476,4331,281,596,1220608,400.0,-0.01822742762742564,0.042883936,5950,0.9951664805412292,0.9973151478916407,0.27975255250930786,0.0003,-0.5654368571937084,0.17646484375,0.2
-131.671,4337,281,597,1222656,400.0,-0.026216045097680763,0.039118946,5960,0.992495059967041,1.2913719084113837,0.2868826985359192,0.0003,-0.6826459854841233,0.194775390625,0.2
-130.666,4342,282,598,1224704,400.0,-0.020836786774452776,0.01712665,5970,0.9895999431610107,2.7999215230345724,0.9761959910392761,0.0003,-0.44185350760817527,0.15126953125,0.2
-130.90599999999998,4347,282,599,1226752,400.0,-0.023487406710046344,0.023293696,5980,0.9930092096328735,1.2317155729979277,0.3202703297138214,0.0003,-0.4370953295379877,0.140625,0.2
-130.16199999999998,4352,282,600,1228800,400.0,-0.020445147348800673,0.02132714,5990,0.9952338933944702,1.0898287240415812,0.2829042077064514,0.0003,-0.5892630875110626,0.17109375,0.2
-131.01399999999998,4357,282,601,1230848,400.0,-0.014162545633735136,0.053482022,6000,0.994888961315155,0.921855641528964,0.14564435184001923,0.0003,-0.6580762788653374,0.209716796875,0.2
-130.91199999999998,4363,282,602,1232896,400.0,-0.011091490869875997,0.035542678,6010,0.9844915270805359,2.6272254288196564,0.5357142686843872,0.0003,-0.5515538517385721,0.227734375,0.2
-130.903,4368,282,603,1234944,400.0,0.0037687651871237903,0.025452465,6020,0.9500502347946167,5.3941446334123615,0.4355146884918213,0.0003,-0.49686243012547493,0.202783203125,0.2
-130.189,4373,282,604,1236992,400.0,-0.01134284221334383,0.026686558,6030,0.9860208630561829,2.4787178367376326,0.8323875069618225,0.0003,-0.36129419691860676,0.13193359375,0.2
-130.039,4378,282,605,1239040,400.0,-0.015887036704225466,0.042822286,6040,0.9957561492919922,0.9163872428238392,0.1876581311225891,0.0003,-0.39281793087720873,0.117919921875,0.2
-129.808,4383,283,606,1241088,400.0,-0.021254603861598297,0.081301294,6050,0.995903730392456,0.7873245503753423,0.27184492349624634,0.0003,-0.4748278558254242,0.21103515625,0.2
-129.637,4388,283,607,1243136,400.0,-0.02137412497540936,0.046676718,6060,0.9934282898902893,1.5439385615289212,0.6467134356498718,0.0003,-0.4617094900459051,0.1171875,0.2
-130.951,4393,283,608,1245184,400.0,-0.02026697545952629,0.039673075,6070,0.9952095746994019,1.330986664444208,0.3816855251789093,0.0003,-0.5837679594755173,0.17333984375,0.2
-130.774,4398,283,609,1247232,400.0,-0.025701786612626166,0.054008655,6080,0.9776231050491333,1.9632418774068356,0.4234864413738251,0.0003,-0.5706164959818125,0.20419921875,0.2
-130.42000000000002,4404,283,610,1249280,400.0,-0.022064100368879735,0.04994046,6090,0.9960939884185791,1.002720271795988,0.1618834286928177,0.0003,-0.5122094180434942,0.18916015625,0.2
-130.35399999999998,4409,283,611,1251328,400.0,-0.016605529136722908,0.027765421,6100,0.9960291981697083,1.0988708116114139,0.30556726455688477,0.0003,-0.5637686222791671,0.166796875,0.2
-130.35399999999998,4414,283,612,1253376,400.0,-0.018384779727784916,0.04133756,6110,0.9966440200805664,0.9024375572800636,0.21827155351638794,0.0003,-0.582884393632412,0.171337890625,0.2
-131.61999999999998,4419,284,613,1255424,400.0,-0.022382503555854784,0.03184773,6120,0.976757287979126,2.56525646597147,0.5718218088150024,0.0003,-0.5518140699714422,0.214599609375,0.2
-132.27700000000002,4425,284,614,1257472,400.0,-0.002806732096360065,0.032397874,6130,0.975684404373169,2.5443935811519625,0.4161793291568756,0.0003,-0.4690120093524456,0.1166015625,0.2
-133.033,4430,284,615,1259520,400.0,-0.01211985168629326,0.052004263,6140,0.9759899377822876,4.157814500480891,0.430046021938324,0.0003,-0.42684011794626714,0.158154296875,0.2
-133.22199999999998,4435,284,616,1261568,400.0,-0.017546893315739,0.027807554,6150,0.9888200163841248,1.7918905027210712,0.5788540244102478,0.0003,-0.6327979072928429,0.195947265625,0.2
-133.80099999999996,4440,284,617,1263616,400.0,-0.018127261119661852,0.028146822,6160,0.9914888739585876,1.362482099980116,0.33465349674224854,0.0003,-0.5172752670943737,0.16572265625,0.2
-133.50400000000002,4445,284,618,1265664,400.0,-0.006558405287796632,0.014380779,6170,0.97796630859375,3.558441403508186,1.0525901317596436,0.0003,-0.36644934453070166,0.10537109375,0.2
-133.582,4450,284,619,1267712,400.0,-0.017733634810429066,0.041073106,6180,0.9941378235816956,1.251687367260456,0.3243786096572876,0.0003,-0.47511729039251804,0.165234375,0.2
-135.136,4455,284,620,1269760,400.0,-0.01755747930146754,0.022574946,6190,0.9930436611175537,1.0430614039301873,0.2376813292503357,0.0003,-0.5978470996022225,0.172314453125,0.2
-131.88099999999997,4461,285,621,1271808,400.0,-0.0005042037402745337,0.015445983,6200,0.9627968668937683,3.135991082340479,0.5797811150550842,0.0003,-0.5745734825730324,0.152001953125,0.2
-131.695,4466,285,622,1273856,400.0,-0.018020464415894822,0.045274276,6210,0.9960488677024841,1.0656647942960262,0.35274434089660645,0.0003,-0.4869748312979937,0.1751953125,0.2
-133.072,4471,285,623,1275904,400.0,-0.006490146557916887,0.022059435,6220,0.9845393896102905,1.856009417772293,0.4301591217517853,0.0003,-0.5414120882749558,0.145068359375,0.2
-132.835,4476,285,624,1277952,400.0,-0.015310076292371378,0.03565497,6230,0.9786681532859802,3.7076029598712923,1.0079227685928345,0.0003,-0.5706614486873149,0.177685546875,0.2
-133.27,4481,285,625,1280000,400.0,-0.01753825673367828,0.022071943,6240,0.9960970282554626,1.2162866294384003,0.30480659008026123,0.0003,-0.3346484012901783,0.09443359375,0.2
-133.315,4486,285,626,1282048,400.0,-0.01893810830952134,0.029571112,6250,0.9927955865859985,1.2147665198892355,0.30250364542007446,0.0003,-0.657023449242115,0.1646484375,0.2
-132.121,4491,285,627,1284096,400.0,-0.017870285373646766,0.028856829,6260,0.9963133931159973,0.9764282662421465,0.22756566107273102,0.0003,-0.536413986235857,0.17197265625,0.2
-132.34,4496,286,628,1286144,400.0,-0.021262685826513916,0.030563582,6270,0.9959051012992859,1.110547361522913,0.3108865022659302,0.0003,-0.5163209863007069,0.14267578125,0.2
-132.53799999999998,4501,286,629,1288192,400.0,-0.022808459686348214,0.033453822,6280,0.9966535568237305,0.7875037904828787,0.209244504570961,0.0003,-0.5272323340177536,0.15,0.2
-132.553,4506,286,630,1290240,400.0,-0.016018349764635786,0.022068903,6290,0.9871399998664856,2.7066534608602524,0.5614337921142578,0.0003,-0.6099255017936229,0.143408203125,0.2
-132.556,4511,286,631,1292288,400.0,-0.01887104453635402,0.045200475,6300,0.9959540963172913,0.8881950613111258,0.332127183675766,0.0003,-0.5428082942962646,0.208544921875,0.2
-131.06799999999998,4517,286,632,1294336,400.0,-0.01829030838853214,0.03649895,6310,0.99652099609375,0.9834932908415794,0.17135098576545715,0.0003,-0.45258157067000865,0.158935546875,0.2
-131.82999999999998,4522,286,633,1296384,400.0,-0.02226066744187847,0.03901319,6320,0.9912129044532776,1.5260988805443048,0.2937338948249817,0.0003,-0.5785504803061485,0.20302734375,0.2
-131.215,4527,286,634,1298432,400.0,-0.014275732456007972,0.04065026,6330,0.9836848974227905,2.702546028792858,1.0877045392990112,0.0003,-0.4526480086147785,0.156298828125,0.2
-129.883,4532,286,635,1300480,400.0,-0.017656590731348842,0.030469242,6340,0.9896005392074585,2.7532749086618424,0.39769887924194336,0.0003,-0.43016220815479755,0.140185546875,0.2
-129.21400000000003,4537,287,636,1302528,400.0,-0.019947136196424253,0.050971586,6350,0.9966336488723755,0.9745887298136949,0.25380176305770874,0.0003,-0.4704215243458748,0.173291015625,0.2
-129.829,4542,287,637,1304576,400.0,-0.022429428825853394,0.04804062,6360,0.9962176084518433,1.201418796926737,0.47932013869285583,0.0003,-0.5038057040423155,0.220703125,0.2
-129.20799999999997,4547,287,638,1306624,400.0,0.000276506319642067,0.02648051,6370,0.9747082591056824,3.0377478793263437,0.7421177625656128,0.0003,-0.5131442792713642,0.181396484375,0.2
-129.43299999999996,4552,287,639,1308672,400.0,-0.019086674286518245,0.029437125,6380,0.9942640662193298,1.219368890672922,0.35918790102005005,0.0003,-0.41296207867562773,0.136962890625,0.2
-127.91199999999999,4558,287,640,1310720,400.0,-0.0215398496191483,0.037400402,6390,0.992520809173584,1.900157155841589,0.6261863112449646,0.0003,-0.5099811457097531,0.163671875,0.2
-128.197,4563,287,641,1312768,400.0,-0.007777684013126418,0.02549694,6400,0.9883348941802979,2.1245578058063983,0.4875287413597107,0.0003,-0.5894043236970902,0.176416015625,0.2
-127.56100000000002,4568,287,642,1314816,400.0,-0.022700409597018734,0.0429466,6410,0.9961329102516174,0.8673723176121712,0.1937105804681778,0.0003,-0.6536652736365796,0.21826171875,0.2
-127.405,4573,287,643,1316864,400.0,-0.015024624025681988,0.04185298,6420,0.9953110814094543,0.8631497249007225,0.21685436367988586,0.0003,-0.6838360890746117,0.1640625,0.2
-126.99999999999999,4578,288,644,1318912,400.0,0.0009852785966359078,0.027042788,6430,0.9798527956008911,2.660768836736679,0.5513008832931519,0.0003,-0.615341630578041,0.23291015625,0.2
-126.98800000000001,4583,288,645,1320960,400.0,-0.01799357666168362,0.025692437,6440,0.9955934882164001,1.2265783987939358,0.3115716278553009,0.0003,-0.425954669713974,0.134765625,0.2
-127.14399999999999,4588,288,646,1323008,400.0,-0.0065393060678616164,0.034605302,6450,0.9840518832206726,2.5377802319824694,0.4486217796802521,0.0003,-0.34091460816562175,0.126123046875,0.2
-127.189,4593,288,647,1325056,400.0,-0.01456211179611273,0.022513874,6460,0.9932571053504944,1.288047808036208,0.30216747522354126,0.0003,-0.3849938653409481,0.14462890625,0.2
-127.279,4599,288,648,1327104,400.0,-0.017965544009348376,0.023156067,6470,0.9932299256324768,1.7331357419490814,0.5369947552680969,0.0003,-0.38143703192472456,0.128271484375,0.2
-127.009,4604,288,649,1329152,400.0,-0.018354535580147057,0.025245085,6480,0.9914397597312927,1.5540246345102786,0.4059809446334839,0.0003,-0.668681713193655,0.154736328125,0.2
-127.11999999999998,4609,288,650,1331200,400.0,-0.01184329244424589,0.017027415,6490,0.9921042919158936,2.3434567973017693,0.4457089900970459,0.0003,-0.3424721326678991,0.118505859375,0.2
-127.198,4614,288,651,1333248,400.0,-0.020914503431413323,0.030004188,6500,0.9956392645835876,1.0679458394646644,0.2719172537326813,0.0003,-0.46643621996045115,0.16142578125,0.2
-127.132,4619,289,652,1335296,400.0,-0.01672362316166982,0.04616248,6510,0.995233416557312,0.9849965926259756,0.1654670238494873,0.0003,-0.5606503076851368,0.183349609375,0.2
-129.307,4624,289,653,1337344,400.0,-0.01770360529772006,0.028922863,6520,0.9941591620445251,1.2434318713843822,0.40479496121406555,0.0003,-0.509205736219883,0.16708984375,0.2
-129.232,4629,289,654,1339392,400.0,-0.009463506058091297,0.031270355,6530,0.944351077079773,7.708794331550598,0.981132447719574,0.0003,-0.5316244166344404,0.134326171875,0.2
-129.724,4634,289,655,1341440,400.0,-0.017133038310566916,0.024104053,6540,0.9961883425712585,1.2823862418532372,0.45450127124786377,0.0003,-0.3579148780554533,0.109814453125,0.2
-130.0,4639,289,656,1343488,400.0,-0.022895252314629033,0.029638067,6550,0.9942893385887146,1.332915050536394,0.43181660771369934,0.0003,-0.5253815595060587,0.13857421875,0.2
-130.153,4645,289,657,1345536,400.0,-0.02136451647384092,0.025876049,6560,0.9957900643348694,1.1029380321502686,0.35138487815856934,0.0003,-0.6048863545060158,0.20986328125,0.2
-130.285,4650,289,658,1347584,400.0,-0.019917913200333714,0.03616413,6570,0.9878676533699036,2.4951475970447063,0.4107299745082855,0.0003,-0.5777769412845373,0.171337890625,0.2
-130.546,4655,289,659,1349632,400.0,-0.02194260229007341,0.032302335,6580,0.9956525564193726,1.0992704913020135,0.4639507532119751,0.0003,-0.4636610999703407,0.1451171875,0.2
-130.56700000000004,4660,290,660,1351680,400.0,-0.02265131568419747,0.035611723,6590,0.9952165484428406,1.1686840064823627,0.281112402677536,0.0003,-0.5580171652138233,0.1685546875,0.2
-130.594,4665,290,661,1353728,400.0,-0.018087493936764076,0.030847449,6600,0.9958582520484924,1.0995247311890126,0.3630572557449341,0.0003,-0.5414994183927775,0.204296875,0.2
-130.27300000000002,4670,290,662,1355776,400.0,-0.019011356285773218,0.05218842,6610,0.9968106746673584,0.7735860589891672,0.1447192132472992,0.0003,-0.5052348334342242,0.270458984375,0.2
-131.068,4676,290,663,1357824,400.0,-0.010116043433663435,0.08166248,6620,0.9961248636245728,0.9712185584008693,0.3752501904964447,0.0003,-0.5702455323189497,0.231005859375,0.2
-132.415,4681,290,664,1359872,400.0,-0.008412469888571649,0.022176828,6630,0.9863374829292297,1.4299737360328435,0.3011000454425812,0.0003,-0.839774439483881,0.197265625,0.2
-132.52599999999998,4686,290,665,1361920,400.0,-0.01988524376647547,0.049544524,6640,0.9900586009025574,1.2729795139282942,0.12790784239768982,0.0003,-0.8364137805998325,0.28330078125,0.2
-132.889,4691,290,666,1363968,400.0,-0.023784589732531457,0.05336088,6650,0.9960342049598694,1.1926019482314587,0.2775735557079315,0.0003,-0.335966788046062,0.195166015625,0.2
-133.69900000000004,4696,290,667,1366016,400.0,-0.018865931185428054,0.042134248,6660,0.9947894215583801,0.9579269126057625,0.30183833837509155,0.0003,-0.6106432914733887,0.1994140625,0.2
-133.636,4701,291,668,1368064,400.0,-0.012465340160997585,0.032995358,6670,0.9738456010818481,4.638086004555225,0.8723040819168091,0.0003,-0.36237522177398207,0.1568359375,0.2
-134.35,4706,291,669,1370112,400.0,-0.01758253050793428,0.040205818,6680,0.9914630055427551,1.5802047569304705,0.44211024045944214,0.0003,-0.4256255518645048,0.182373046875,0.2
-134.332,4711,291,670,1372160,400.0,-0.010240232339128852,0.02578066,6690,0.9810702800750732,4.102844555675984,1.5729610919952393,0.0003,-0.6301040098071098,0.203564453125,0.2
-135.913,4716,291,671,1374208,400.0,-0.014007753058103844,0.03277892,6700,0.9949022531509399,1.1332846775650978,0.26697131991386414,0.0003,-0.47662883922457694,0.168310546875,0.2
-135.439,4721,291,672,1376256,400.0,-0.009710087621351704,0.024019118,6710,0.9535760879516602,4.0730487436056135,0.8612102270126343,0.0003,-0.46565365642309187,0.1359375,0.2
-133.82500000000002,4726,291,673,1378304,400.0,-0.02231581404921599,0.07856956,6720,0.9963191151618958,1.0884447328746318,0.2453937530517578,0.0003,-0.3672663327306509,0.189990234375,0.2
-136.62399999999997,4731,291,674,1380352,400.0,-0.04294292677659541,0.090071335,6730,0.9779125452041626,3.5402078732848166,1.541229486465454,0.0003,-0.46201247423887254,0.18447265625,0.2
-136.65400000000002,4737,291,675,1382400,400.0,-0.029670630529290067,0.52694786,6740,0.9413931965827942,11.601149517297745,3.455920457839966,0.0003,-0.322721092402935,0.161083984375,0.2
-136.213,4742,291,676,1384448,400.0,-0.03253038029070012,0.043858144,6750,0.9772564768791199,9.529634636640548,3.116183042526245,0.0003,-0.3596749369055033,0.137939453125,0.2
-135.955,4747,292,677,1386496,400.0,-0.01690000972012058,0.030654252,6760,0.9945387244224548,1.459224523603916,0.3928605914115906,0.0003,-0.29380339812487366,0.133740234375,0.2
-136.62699999999998,4752,292,678,1388544,400.0,-0.014443459053291008,0.036321327,6770,0.9967591762542725,1.0282708279788495,0.34597840905189514,0.0003,-0.41673050709068776,0.17021484375,0.2
-136.363,4757,292,679,1390592,400.0,-0.025983275403268634,0.033822663,6780,0.9855023622512817,2.970675450563431,0.9097049236297607,0.0003,-0.5410400498658419,0.165087890625,0.2
-136.942,4762,292,680,1392640,400.0,-0.04366555634187534,0.19063517,6790,0.974162757396698,9.742004591226578,2.3746256828308105,0.0003,-0.3633675564080477,0.148046875,0.2
-137.716,4768,292,681,1394688,400.0,-0.031724039911932775,0.05937762,6800,0.991029679775238,1.527642733603716,0.43358495831489563,0.0003,-0.417921831458807,0.18642578125,0.2
-137.86,4773,292,682,1396736,400.0,-0.03359054391039536,0.041423187,6810,0.9883073568344116,2.8225190207362174,0.7448251843452454,0.0003,-0.579297286644578,0.197802734375,0.2
-136.822,4778,292,683,1398784,400.0,-0.025878477399237453,0.02691934,6820,0.9953511953353882,1.184043800085783,0.44093453884124756,0.0003,-0.36258125975728034,0.137060546875,0.2
-136.162,4783,292,684,1400832,400.0,-0.012563244462944568,0.026650613,6830,0.9799976944923401,2.652913203090429,0.4168740510940552,0.0003,-0.5392982278019189,0.144287109375,0.2
-137.731,4788,292,685,1402880,400.0,-0.017276449262863026,0.033971854,6840,0.9965394735336304,1.3205098517239093,0.3223365843296051,0.0003,-0.3168600779026747,0.129736328125,0.2
-137.5,4793,293,686,1404928,400.0,-0.00777210330707021,0.028861312,6850,0.9529498219490051,8.330709889531136,1.4395877122879028,0.0003,-0.5246266581118106,0.1796875,0.2
-137.49400000000003,4798,293,687,1406976,400.0,-0.017617251857882366,0.032899097,6860,0.9871067404747009,3.069651110470295,0.7029634118080139,0.0003,-0.3776340987533331,0.145068359375,0.2
-138.013,4803,293,688,1409024,400.0,-0.024787243170430885,0.030333757,6870,0.9769872426986694,5.413100805878639,1.3571962118148804,0.0003,-0.43337414003908636,0.162890625,0.2
-139.186,4808,293,689,1411072,400.0,-0.010922859844868071,0.023767129,6880,0.978751003742218,2.65749873816967,0.44216135144233704,0.0003,-0.38522974364459517,0.107177734375,0.2
-138.958,4813,293,690,1413120,400.0,-0.01903711394406855,0.042353597,6890,0.9848397374153137,2.1283773988485337,0.542153000831604,0.0003,-0.40795434415340426,0.18173828125,0.2
-136.93899999999996,4818,293,691,1415168,400.0,-0.014465116773499176,0.033583622,6900,0.9964991807937622,1.187199341505766,0.3843216300010681,0.0003,-0.328030988574028,0.148583984375,0.2
-137.27200000000002,4823,293,692,1417216,400.0,-0.014180779008893297,0.0458141,6910,0.9965522885322571,1.086709465458989,0.43028396368026733,0.0003,-0.2372110541909933,0.1041015625,0.2
-137.06799999999998,4829,293,693,1419264,400.0,-0.016504829295445233,0.06183547,6920,0.9926743507385254,2.002965671569109,0.5834554433822632,0.0003,-0.5127383191138506,0.211083984375,0.2
-134.38,4834,294,694,1421312,400.0,-0.013641709060175344,0.0217896,6930,0.9890759587287903,2.086842153221369,0.5409380197525024,0.0003,-0.4580263443291187,0.135498046875,0.2
-134.84799999999998,4839,294,695,1423360,400.0,-0.014794686934328638,0.02400783,6940,0.9920545816421509,1.5255927324295044,0.49622341990470886,0.0003,-0.5421953838318586,0.156640625,0.2
-135.01,4844,294,696,1425408,400.0,-0.014821196917910128,0.045500748,6950,0.9875285029411316,1.886379997432232,0.6996453404426575,0.0003,-0.6282346248626709,0.2302734375,0.2
-134.428,4849,294,697,1427456,400.0,-0.017682885640533642,0.023119844,6960,0.9965462684631348,1.0011081509292126,0.23986218869686127,0.0003,-0.3370571840554476,0.12607421875,0.2
-134.092,4854,294,698,1429504,400.0,-0.01945310821174644,0.03250781,6970,0.9965018630027771,0.8989944323897362,0.23622506856918335,0.0003,-0.47158001847565173,0.18837890625,0.2
-133.375,4859,294,699,1431552,400.0,-0.01488580412697047,0.037529767,6980,0.9911696910858154,1.3476823896169663,0.25244250893592834,0.0003,-0.5717881191521883,0.21171875,0.2
-133.342,4864,294,700,1433600,400.0,-0.015684557575150394,0.025441844,6990,0.9945186972618103,1.411694684997201,0.6895976662635803,0.0003,-0.5066492818295956,0.182568359375,0.2
-132.595,4869,294,701,1435648,400.0,-0.023101314541418106,0.034915835,7000,0.9879634976387024,2.041359094530344,0.45800769329071045,0.0003,-0.46707184985280037,0.17080078125,0.2
-132.637,4875,294,702,1437696,400.0,-0.02361537100514397,0.025519285,7010,0.995488166809082,1.3420766189694404,0.5561497211456299,0.0003,-0.3901258625090122,0.11962890625,0.2
-131.92,4880,295,703,1439744,400.0,-0.021194617744185962,0.026136171,7020,0.9934315085411072,1.5282481722533703,0.45729750394821167,0.0003,-0.568891716375947,0.21416015625,0.2
-132.769,4885,295,704,1441792,400.0,-0.021912903964403086,0.027724903,7030,0.9961657524108887,0.9043198984116316,0.19694223999977112,0.0003,-0.5942856699228287,0.184033203125,0.2
-130.726,4890,295,705,1443840,400.0,-0.008656495570903644,0.019466782,7040,0.9657533168792725,4.302966563403606,1.0726726055145264,0.0003,-0.6055076628923416,0.169580078125,0.2
-131.026,4896,295,706,1445888,400.0,-0.027292428142391145,0.05662448,7050,0.9942625164985657,1.4123497486114502,0.3995138108730316,0.0003,-0.46189928278326986,0.246533203125,0.2
-130.97800000000004,4901,295,707,1447936,400.0,-0.022407941112760454,0.045469653,7060,0.9969585537910461,1.035978987067938,0.21494683623313904,0.0003,-0.42060440853238107,0.18203125,0.2
-130.25799999999998,4906,295,708,1449984,400.0,-0.010222065148991533,0.029612124,7070,0.9798123240470886,3.4022402077913285,0.8707318305969238,0.0003,-0.49679083526134493,0.16572265625,0.2
-128.97099999999998,4911,295,709,1452032,400.0,-0.01304130382486619,0.040607568,7080,0.9890761375427246,2.002573236823082,0.3883364498615265,0.0003,-0.4550608366727829,0.187548828125,0.2
-129.484,4916,295,710,1454080,400.0,-0.017252095369622113,0.036879018,7090,0.9920452833175659,2.4438296869397163,0.7936482429504395,0.0003,-0.27173853032290934,0.152685546875,0.2
-130.168,4922,295,711,1456128,400.0,-0.012401363061508163,0.05630237,7100,0.9910943508148193,1.3477505624294281,0.3650204837322235,0.0003,-0.41359286904335024,0.178125,0.2
-129.79899999999998,4927,295,712,1458176,400.0,-0.0054682005196809765,0.06952043,7110,0.9833759069442749,2.3797341771423817,0.570131778717041,0.0003,-0.39826543517410756,0.196337890625,0.2
-129.79,4932,296,713,1460224,400.0,-0.02822369639761746,0.0508765,7120,0.9916802644729614,1.7779019437730312,0.46198001503944397,0.0003,-0.3467916626483202,0.138427734375,0.2
-129.988,4937,296,714,1462272,400.0,-0.011780456820270046,0.08507365,7130,0.9922590851783752,1.060613700374961,0.307732492685318,0.0003,-0.5258459456264972,0.23974609375,0.2
-129.721,4942,296,715,1464320,400.0,-0.021720191230997443,0.02625914,7140,0.995537519454956,1.1415343269705773,0.210918590426445,0.0003,-0.43046730756759644,0.154345703125,0.2
-129.892,4947,296,716,1466368,400.0,-0.02608276153332554,0.043909438,7150,0.9943793416023254,1.3602858640253543,0.3395216464996338,0.0003,-0.43128162920475005,0.171826171875,0.2
-131.779,4952,296,717,1468416,400.0,-0.0038606725342106075,0.0310526,7160,0.9666339755058289,2.9900358356535435,0.8550476431846619,0.0003,-0.4491502095013857,0.157568359375,0.2
-131.86900000000003,4957,296,718,1470464,400.0,-0.016122133942553775,0.029039139,7170,0.991435170173645,1.8731793709099294,0.4579801559448242,0.0003,-0.30730033703148363,0.108984375,0.2
-133.084,4962,296,719,1472512,400.0,-0.02026441153138876,0.036428064,7180,0.9938983917236328,1.2194881558418273,0.33271172642707825,0.0003,-0.3975019082427025,0.15478515625,0.2
-132.655,4968,296,720,1474560,400.0,-0.021892105997540056,0.08127666,7190,0.9861493706703186,2.599426245689392,0.9136545062065125,0.0003,-0.4748315341770649,0.213525390625,0.2
-132.562,4973,296,721,1476608,400.0,-0.009358855185564608,0.0564836,7200,0.9967061877250671,1.2556020349264145,0.31597787141799927,0.0003,-0.35292426571249963,0.174462890625,0.2
-132.982,4978,297,722,1478656,400.0,-0.01676333205541596,0.040370867,7210,0.995885968208313,1.2028930842876435,0.5427905321121216,0.0003,-0.4024285480380058,0.15634765625,0.2
-133.582,4983,297,723,1480704,400.0,-0.02575109471799806,0.034328282,7220,0.9940630197525024,1.1396388970315456,0.4224278926849365,0.0003,-0.5615219298750163,0.2076171875,0.2
-132.81699999999998,4988,297,724,1482752,400.0,-0.015277403581421822,0.04047265,7230,0.989889919757843,1.295630530640483,0.28717881441116333,0.0003,-0.515826603025198,0.213232421875,0.2
-132.73299999999998,4993,297,725,1484800,400.0,-0.022758642077678814,0.025630694,7240,0.9843560457229614,2.862807202339172,0.6513131260871887,0.0003,-0.5072158984839916,0.1494140625,0.2
-133.25799999999998,4998,297,726,1486848,400.0,-0.01975991575163789,0.03400551,7250,0.9946660995483398,1.290635570883751,0.4116230607032776,0.0003,-0.4935369182378054,0.18671875,0.2
-133.25199999999998,5003,297,727,1488896,400.0,-0.014842599880648778,0.025804127,7260,0.9909726977348328,1.3789687313139438,0.48344823718070984,0.0003,-0.454273360222578,0.137060546875,0.2
-132.874,5008,297,728,1490944,400.0,-0.02220917609811295,0.032372136,7270,0.9950741529464722,1.2928522758185863,0.39298510551452637,0.0003,-0.6066869057714939,0.214111328125,0.2
-132.973,5013,297,729,1492992,400.0,-0.020658002974232658,0.030924555,7280,0.9896851778030396,1.7009863175451756,0.4656352996826172,0.0003,-0.4835217412561178,0.169775390625,0.2
-133.357,5018,297,730,1495040,400.0,-0.011017201052163727,0.037369624,7290,0.9939138889312744,0.9919998686760664,0.17523476481437683,0.0003,-0.6090781979262829,0.19716796875,0.2
-133.372,5023,298,731,1497088,400.0,-0.02608754454413429,0.033732407,7300,0.9948535561561584,1.0409674301743508,0.2789357304573059,0.0003,-0.6751488350331784,0.2587890625,0.2
-133.423,5028,298,732,1499136,400.0,-0.020523610821692274,0.04764861,7310,0.9916574954986572,1.8177265763282775,0.42307156324386597,0.0003,-0.5834049768745899,0.19931640625,0.2
-133.6,5033,298,733,1501184,400.0,-0.014419208804611117,0.051073395,7320,0.9904259443283081,1.9045218892395497,0.4986688196659088,0.0003,-0.6624132089316845,0.25986328125,0.2
-133.72600000000003,5038,298,734,1503232,400.0,-0.014993070610216819,0.043671135,7330,0.9930150508880615,1.1834708575159312,0.3943520486354828,0.0003,-0.620295987278223,0.222607421875,0.2
-134.257,5043,298,735,1505280,400.0,-0.020420595922041686,0.038337193,7340,0.9952947497367859,1.0908729411661624,0.22579535841941833,0.0003,-0.42735000178217886,0.169189453125,0.2
-132.532,5049,298,736,1507328,400.0,-0.014767497568391264,0.032780062,7350,0.9846694469451904,1.8148525685071946,0.24588459730148315,0.0003,-0.4750904254615307,0.19091796875,0.2
-132.325,5054,298,737,1509376,400.0,-0.02068069241940975,0.025875092,7360,0.9944931268692017,1.1893480360507964,0.29979684948921204,0.0003,-0.41911434195935726,0.151318359375,0.2
-131.57800000000003,5059,298,738,1511424,400.0,-0.012535505887353793,0.040035054,7370,0.9951541423797607,0.8938347171992064,0.21038506925106049,0.0003,-0.5513552092015743,0.2109375,0.2
-130.57299999999998,5064,298,739,1513472,400.0,-0.017702616032329387,0.03723131,7380,0.9966440796852112,1.013951663672924,0.3264000415802002,0.0003,-0.30979603808373213,0.1248046875,0.2
-130.603,5069,298,740,1515520,400.0,-0.015142629167530685,0.031024218,7390,0.995962917804718,1.1498937305063008,0.3311874270439148,0.0003,-0.4881688840687275,0.15126953125,0.2
-130.957,5074,299,741,1517568,400.0,-0.015330348807037809,0.032204326,7400,0.9975202679634094,0.786663856729865,0.21253152191638947,0.0003,-0.5579899031668901,0.18076171875,0.2
-129.64000000000001,5079,299,742,1519616,400.0,-0.019490719452733174,0.034442473,7410,0.9930789470672607,1.5577298499643804,0.4073505401611328,0.0003,-0.7505621947348118,0.18232421875,0.2
-132.35500000000002,5084,299,743,1521664,400.0,-0.02090046788798645,0.040112898,7420,0.9959986805915833,1.3464443419128655,0.3664344549179077,0.0003,-0.559930894523859,0.163330078125,0.2
-131.99800000000002,5089,299,744,1523712,400.0,0.0061085396388079975,0.019771703,7430,0.9427744746208191,5.851238095760346,0.3902563750743866,0.0003,-0.6524758756160736,0.21005859375,0.2
-131.86900000000003,5094,299,745,1525760,400.0,-0.014604929310735315,0.035609595,7440,0.9972476363182068,0.8875989899039268,0.3866990804672241,0.0003,-0.4811613064259291,0.160205078125,0.2
-132.364,5099,299,746,1527808,400.0,-0.007189987279707566,0.051897224,7450,0.981201708316803,2.545897640287876,0.6267033219337463,0.0003,-0.47991973310709,0.180859375,0.2
-132.04600000000002,5104,299,747,1529856,400.0,-0.009674256097059696,0.04142747,7460,0.9774014353752136,2.779065661877394,0.6015593409538269,0.0003,-0.6050949469208717,0.15556640625,0.2
-134.332,5109,299,748,1531904,400.0,-0.019732615118846296,0.105323225,7470,0.9939922094345093,1.5914797499775886,0.5979454517364502,0.0003,-0.274480539187789,0.1353515625,0.2
-133.48099999999997,5114,299,749,1533952,399.36,0.005086174863390624,0.022364018,7480,0.9405654072761536,11.786862836778164,1.19468355178833,0.0003,-0.3923500344157219,0.12099609375,0.2
-133.02200000000002,5119,300,750,1536000,399.36,0.0017188227153383195,0.04468108,7490,0.9373548030853271,25.554034915566444,4.214346408843994,0.0003,-0.5957711972296238,0.21240234375,0.2
-132.70399999999998,5124,300,751,1538048,399.36,-0.01791999426786788,0.03090544,7500,0.9960671067237854,1.4169354066252708,0.24032717943191528,0.0003,-0.4256789781153202,0.175732421875,0.2
-132.21800000000002,5129,300,752,1540096,399.36,-0.0261406556237489,0.11902217,7510,0.9895230531692505,1.821810743957758,0.351707398891449,0.0003,-0.42401447482407095,0.192041015625,0.2
-131.54899999999998,5134,300,753,1542144,399.36,-0.041142948815831915,0.044642664,7520,0.971912682056427,6.733086352050305,1.6897917985916138,0.0003,-0.3792812816798687,0.16796875,0.2
-130.82600000000002,5140,300,754,1544192,399.36,-0.021659503885894084,0.075116806,7530,0.9963221549987793,1.0314784608781338,0.3261728584766388,0.0003,-0.3601734425872564,0.1837890625,0.2
-131.09900000000002,5145,300,755,1546240,399.36,-0.019599857192952187,0.031876687,7540,0.9917387366294861,2.228383892029524,0.6629877686500549,0.0003,-0.4846733920276165,0.169970703125,0.2
-130.89800000000002,5150,300,756,1548288,399.36,-0.009275288792559877,0.0429171,7550,0.9866636991500854,2.8723740741610526,0.6515778303146362,0.0003,-0.41499732099473474,0.17763671875,0.2
-130.733,5155,300,757,1550336,399.36,-0.01953552827471867,0.028320573,7560,0.990301251411438,2.0628201559185984,0.3606760501861572,0.0003,-0.5160312164574862,0.2076171875,0.2
-131.00900000000001,5160,300,758,1552384,399.36,-0.02050966377137229,0.04689177,7570,0.9943817853927612,1.718552691489458,0.648217499256134,0.0003,-0.35263093672692775,0.142236328125,0.2
-131.13200000000003,5165,300,759,1554432,399.36,-0.023256237944588067,0.035932764,7580,0.9925130605697632,1.8623085163533688,0.8946450352668762,0.0003,-0.33276643715798854,0.1693359375,0.2
-131.40200000000002,5170,301,760,1556480,399.36,-0.015485743223689497,0.03658979,7590,0.9954673051834106,1.2505305863916873,0.3872073292732239,0.0003,-0.4901519753038883,0.20498046875,0.2
-130.967,5176,301,761,1558528,399.36,-0.01419617074134294,0.04450036,7600,0.9923263192176819,1.2915985710918902,0.37768813967704773,0.0003,-0.5053814560174942,0.21142578125,0.2
-133.601,5181,301,762,1560576,399.36,-0.01916097429348156,0.025955342,7610,0.9968554377555847,0.9880888998508454,0.4330638647079468,0.0003,-0.3035381715744734,0.139453125,0.2
-131.237,5186,301,763,1562624,399.36,-0.0002690382592845708,0.026082117,7620,0.9421367645263672,4.774083909392357,0.37848687171936035,0.0003,-0.487435632199049,0.16923828125,0.2
-131.27300000000002,5191,301,764,1564672,399.36,-0.01714979269891046,0.06806776,7630,0.9913372993469238,1.9646730221807958,0.6520253419876099,0.0003,-0.4218630071729422,0.1767578125,0.2
-130.832,5196,301,765,1566720,399.36,-0.01036025639041327,0.092651226,7640,0.996004045009613,1.076485165208578,0.3901287913322449,0.0003,-0.3888557907193899,0.1732421875,0.2
-130.091,5202,301,766,1568768,399.36,-0.009398722942569293,0.056066502,7650,0.9960092306137085,1.2084617748856545,0.33488383889198303,0.0003,-0.2828294146806002,0.149658203125,0.2
-128.642,5207,301,767,1570816,399.36,-0.00873801626439672,0.029665325,7660,0.9856955409049988,2.0129463225603104,0.4300708770751953,0.0003,-0.556563938781619,0.186572265625,0.2
-129.446,5212,301,768,1572864,399.36,-0.04327578495722264,0.08738889,7670,0.9723448753356934,3.182801675796509,0.7684859037399292,0.0003,-0.3286119308322668,0.228662109375,0.2
-129.33999999999997,5217,301,769,1574912,400.0,-0.021318680723197758,0.030029982,7680,0.9909956455230713,1.9529046230018139,0.36009925603866577,0.0003,-0.4226977776736021,0.14736328125,0.2
-129.322,5222,301,770,1576960,400.0,-0.015556696854764596,0.08456431,7690,0.9969022274017334,0.9751610718667507,0.24365867674350739,0.0003,-0.35684566721320155,0.171533203125,0.2
-128.82699999999997,5227,302,771,1579008,400.0,-0.013655052334070206,0.06451764,7700,0.9967797994613647,1.2530613146722316,0.46017396450042725,0.0003,-0.317312865331769,0.123095703125,0.2
-128.833,5232,302,772,1581056,400.0,-0.02471185213071294,0.043024212,7710,0.9947905540466309,1.41147480905056,0.5629979372024536,0.0003,-0.3779438082128763,0.1630859375,0.2
-130.462,5238,302,773,1583104,400.0,-0.003989246368291788,0.019046146,7720,0.9727453589439392,2.970827852189541,0.6434886455535889,0.0003,-0.5733532264828682,0.134619140625,0.2
-130.15599999999998,5243,302,774,1585152,400.0,-0.01396009003801737,0.019023998,7730,0.9905950427055359,1.7411323383450508,0.5461395978927612,0.0003,-0.3859758984297514,0.124462890625,0.2
-130.22200000000004,5248,302,775,1587200,400.0,-0.008626485557761044,0.06626393,7740,0.9973779320716858,1.0063928816467524,0.40429994463920593,0.0003,-0.4492435585707426,0.1537109375,0.2
-130.59099999999998,5253,302,776,1589248,400.0,-0.019462735261186026,0.042267404,7750,0.9944073557853699,1.46612458974123,0.5574938058853149,0.0003,-0.5634982239454984,0.181396484375,0.2
-130.6,5258,302,777,1591296,400.0,-0.030384733056416736,0.042163536,7760,0.9867270588874817,2.094956214725971,0.5335533618927002,0.0003,-0.5299450390040874,0.172412109375,0.2
-130.363,5264,302,778,1593344,400.0,-0.01859988464275375,0.026791126,7770,0.9917851090431213,1.9463940292596817,0.535843014717102,0.0003,-0.5506517484784126,0.17509765625,0.2
-129.928,5269,302,779,1595392,400.0,-0.014228154870215804,0.018001437,7780,0.9905110001564026,3.2980380564928056,2.153926372528076,0.0003,-0.4599721863865852,0.1216796875,0.2
-130.015,5274,302,780,1597440,400.0,-0.015389434929238633,0.028198607,7790,0.9962191581726074,1.192768295481801,0.3886605501174927,0.0003,-0.43044732287526133,0.12021484375,0.2
-130.864,5279,302,781,1599488,400.0,-0.021350628358777612,0.03604315,7800,0.9953164458274841,1.014467878267169,0.23837456107139587,0.0003,-0.6255414508283138,0.21220703125,0.2
-127.5845,5284,303,782,1601536,399.81,-0.008885041292523965,0.024544567,7810,0.9843280911445618,1.7173004388809203,0.38534656167030334,0.0003,-0.6471847184002399,0.1494140625,0.2
-127.21549999999999,5289,303,783,1603584,399.81,0.001140542168286629,0.049658272,7820,0.9592344760894775,23.198193901777266,11.303420066833496,0.0003,-0.45388517789542676,0.18603515625,0.2
-125.26100000000001,5294,303,784,1605632,397.26,-0.01934646342997439,0.054465562,7830,0.996381938457489,1.0925497964024544,0.36808663606643677,0.0003,-0.6464226536452771,0.2203125,0.2
-125.954,5300,303,785,1607680,397.26,0.01426562712294981,0.08390591,7840,0.9147878289222717,40.61241818070412,19.95099639892578,0.0003,-0.5874382078647613,0.335986328125,0.2
-126.59999999999998,5305,303,786,1609728,396.02,-0.044975184166105464,0.28860638,7850,0.9697364568710327,6.077140761911869,1.212836742401123,0.0003,-0.7027580805122853,0.26884765625,0.2
-122.80750000000002,5310,303,787,1611776,393.79,-0.0027762761630583553,0.067816034,7860,0.9088125824928284,25.122061267495155,6.924351215362549,0.0003,-0.6516881667077541,0.289990234375,0.2
-120.73500000000004,5315,303,788,1613824,390.5,0.0068194682622561235,0.059388626,7870,0.9564895629882812,18.748231369256974,12.35887336730957,0.0003,-0.5547683645039797,0.23291015625,0.2
-120.85799999999999,5320,303,789,1615872,390.5,-0.0007251375238411129,0.09591594,7880,0.8657939434051514,54.44947745800018,10.671311378479004,0.0003,-0.5901221998035908,0.251318359375,0.2
-120.573,5325,303,790,1617920,390.5,-0.009206047240877525,0.027773973,7890,0.9806094765663147,3.6673049479722977,0.9080693125724792,0.0003,-0.6886546082794667,0.23662109375,0.2
-120.477,5330,303,791,1619968,390.5,-0.020125796436332166,0.04009921,7900,0.9924300312995911,1.9984928414225578,0.44347769021987915,0.0003,-0.6230918154120445,0.201123046875,0.2
-119.04899999999999,5336,303,792,1622016,390.5,-0.02099962969077751,0.042842947,7910,0.9924459457397461,1.684361106157303,0.3361419141292572,0.0003,-0.674922163784504,0.198974609375,0.2
-119.08200000000001,5341,304,793,1624064,390.5,-0.027590585651341825,0.034680516,7920,0.9907695651054382,2.299901154637337,0.6647546291351318,0.0003,-0.7576047949492931,0.21240234375,0.2
-120.40800000000002,5346,304,794,1626112,390.5,-0.011719428980723024,0.03469824,7930,0.9939886927604675,1.1641148153692484,0.2691437900066376,0.0003,-0.7285975404083729,0.213818359375,0.2
-120.21599999999998,5351,304,795,1628160,390.5,-0.016627654049079864,0.050156258,7940,0.9814198017120361,2.3618745390325784,0.2535027265548706,0.0003,-0.8315414436161518,0.231201171875,0.2
-119.544,5356,304,796,1630208,390.02,-0.019383929984178393,0.034990568,7950,0.9937472343444824,1.6495080716907977,0.4604986906051636,0.0003,-0.7039593748748303,0.170751953125,0.2
-117.82850000000002,5361,304,797,1632256,387.99,-0.004115411230304744,0.063501716,7960,0.9608402252197266,21.730782794952393,12.706762313842773,0.0003,-0.6230302296578885,0.244677734375,0.2
-117.99049999999997,5366,304,798,1634304,387.99,0.012779046304058284,0.1165656,7970,0.911893904209137,35.68909505605698,9.043018341064453,0.0003,-0.7586772091686725,0.3716796875,0.2
-117.16750000000002,5372,304,799,1636352,386.83,-0.010771308254334144,0.038387187,7980,0.9923431277275085,1.3327940195798873,0.306157648563385,0.0003,-0.7703632190823555,0.1998046875,0.2
-116.6875,5377,304,800,1638400,386.83,-0.00010910897399298846,0.03698981,7990,0.9618576169013977,17.041389794647692,6.164645671844482,0.0003,-0.7937878973782062,0.272509765625,0.2
-117.501,5382,304,801,1640448,385.4,-0.011846017293282784,0.024347479,8000,0.9687976837158203,6.439527529478073,1.5350784063339233,0.0003,-0.7821152754127979,0.180322265625,0.2
-115.49300000000001,5387,304,802,1642496,382.62,-0.010379682685015722,0.026965173,8010,0.9243999123573303,21.954642978310584,7.830232620239258,0.0003,-0.7102336123585701,0.19755859375,0.2
-115.99250000000002,5392,304,803,1644544,383.55,-0.00418217065744102,0.05680479,8020,0.915631890296936,32.55448203086853,7.211068153381348,0.0003,-0.8155698895454406,0.225,0.2
-115.18450000000001,5397,305,804,1646592,382.87,-0.00779274009692017,0.023395568,8030,0.949088990688324,17.01441751420498,1.370902419090271,0.0003,-0.732365645468235,0.183935546875,0.2
-114.69750000000002,5403,305,805,1648640,384.11,-0.009721577422169503,0.039099295,8040,0.9090753793716431,27.750016504526137,14.111624717712402,0.0003,-0.7541912965476513,0.197265625,0.2
-117.04100000000003,5408,305,806,1650688,386.34,-0.01592151827935595,0.035058554,8050,0.9766945242881775,4.046235463023185,1.2129734754562378,0.0003,-0.8282964073121548,0.271533203125,0.2
-119.66850000000001,5413,305,807,1652736,389.63,-0.011180418654112146,0.030162973,8060,0.9846126437187195,2.2966200530529024,0.3230733573436737,0.0003,-0.859549080580473,0.206982421875,0.2
-120.76950000000001,5418,305,808,1654784,389.63,-0.01261187120107934,0.040418513,8070,0.9882439970970154,2.744222044944763,0.5901644229888916,0.0003,-0.830857989937067,0.20849609375,0.2
-122.91450000000003,5423,305,809,1656832,389.63,-0.007493655080907047,0.03072276,8080,0.9807681441307068,2.191991662606597,0.19802358746528625,0.0003,-0.8723502054810524,0.3046875,0.2
-123.38550000000001,5428,305,810,1658880,389.63,-0.012900566874304787,0.09793718,8090,0.9739537835121155,2.60515441223979,0.25110214948654175,0.0003,-0.759476338326931,0.3439453125,0.2
-123.17750000000002,5433,305,811,1660928,388.23,-0.023817814944777638,0.02973479,8100,0.9826294779777527,3.8292224779725075,0.9333844780921936,0.0003,-0.7259367771446705,0.1955078125,0.2
-123.5345,5439,305,812,1662976,388.23,0.0010356125945691018,0.071691126,8110,0.9359631538391113,20.700951090455057,6.132094383239746,0.0003,-0.6906624816358089,0.244677734375,0.2
-121.49199999999999,5444,305,813,1665024,387.22,-0.015244862047256901,0.03155231,8120,0.9942826628684998,1.430409112945199,0.27477648854255676,0.0003,-0.5347575284540653,0.17734375,0.2
-121.279,5449,305,814,1667072,387.22,-0.004021693981485441,0.040293023,8130,0.9523511528968811,15.399022834002972,1.9677059650421143,0.0003,-0.5408711832016706,0.2029296875,0.2
-122.15199999999999,5454,305,815,1669120,387.7,-0.008597721491241828,0.030986378,8140,0.9926631450653076,1.7487574957311154,0.4970109164714813,0.0003,-0.6144213534891605,0.206689453125,0.2
-123.85549999999999,5459,306,816,1671168,389.73,-0.017449135571951047,0.035772897,8150,0.9936932325363159,1.3905702270567417,0.3260255455970764,0.0003,-0.6202735394239426,0.217919921875,0.2
-123.9065,5465,306,817,1673216,389.73,-0.015867110074032097,0.02916167,8160,0.9951591491699219,0.9886682711541652,0.21135497093200684,0.0003,-0.5936805106699466,0.2052734375,0.2
-124.64249999999998,5470,306,818,1675264,390.89,-0.01949465163925197,0.05557731,8170,0.9837526679039001,3.130924142897129,0.6562192440032959,0.0003,-0.6183442994952202,0.176708984375,0.2
-124.1865,5475,306,819,1677312,390.89,-0.01625679046555888,0.020419229,8180,0.9843888878822327,4.780119141936302,1.6314181089401245,0.0003,-0.634047194570303,0.124169921875,0.2
-123.00450000000001,5481,306,820,1679360,391.73,-0.01646711169742048,0.043895885,8190,0.9937970042228699,1.4410742700099946,0.37535423040390015,0.0003,-0.6215083934366703,0.175732421875,0.2
-124.377,5486,306,821,1681408,393.32,-0.0013574666139902548,0.021735258,8200,0.9613088965415955,17.920612432062626,7.141437530517578,0.0003,-0.5845478221774101,0.17490234375,0.2
-126.41749999999998,5491,306,822,1683456,394.89,-0.013518078631022945,0.03198841,8210,0.9930734038352966,1.9396744146943092,0.44144898653030396,0.0003,-0.6424661912024021,0.193017578125,0.2
-127.02349999999998,5496,306,823,1685504,396.03,-0.003235331311589107,0.04558819,8220,0.9834842681884766,2.3061274334788324,0.4571381211280823,0.0003,-0.5659627873450518,0.185791015625,0.2
-123.73999999999998,5502,306,824,1687552,392.04,-0.0023152936395490543,0.024950065,8230,0.9510120153427124,23.93005163669586,11.461258888244629,0.0003,-0.6878273762762547,0.200390625,0.2
-123.05599999999998,5507,306,825,1689600,392.04,-0.004875865930807776,0.031323142,8240,0.9248344898223877,29.868860799074174,7.33223295211792,0.0003,-0.572514683008194,0.18115234375,0.2
-122.58200000000001,5512,306,826,1691648,392.04,-0.012118085971451364,0.040433995,8250,0.9950602054595947,1.5241716228425504,0.31587380170822144,0.0003,-0.612054979801178,0.17763671875,0.2
-122.71699999999998,5517,306,827,1693696,392.04,-0.010463106527458877,0.034853816,8260,0.9929643869400024,1.1097977593541146,0.23341572284698486,0.0003,-0.6846119239926338,0.20537109375,0.2
-121.91,5523,307,828,1695744,392.04,-0.0006864572467748075,0.02243904,8270,0.984233558177948,1.773252859711647,0.2084505558013916,0.0003,-0.8429189078509808,0.192529296875,0.2
-120.65899999999999,5528,307,829,1697792,392.04,-0.020124998682877048,0.024376798,8280,0.9933398962020874,1.6247471436858176,0.2904984652996063,0.0003,-0.7726223804056644,0.173388671875,0.2
-119.46199999999999,5533,307,830,1699840,391.62,-0.021675465838052334,0.02846228,8290,0.9938612580299377,1.5780476972460746,0.4443622827529907,0.0003,-0.6844569370150566,0.186669921875,0.2
-119.14099999999999,5538,307,831,1701888,391.62,-0.004683859180659056,0.035768714,8300,0.9587135910987854,19.10669541656971,12.846014022827148,0.0003,-0.7067771464586258,0.225634765625,0.2
-119.14699999999999,5544,307,832,1703936,391.62,-0.01905254492885433,0.027199656,8310,0.9952824711799622,0.9180738002061843,0.14860036969184875,0.0003,-0.7557067193090916,0.215771484375,0.2
-119.93549999999999,5549,307,833,1705984,392.63,-0.011413101956713944,0.021965902,8320,0.9870709776878357,2.74680155813694,0.5990183353424072,0.0003,-0.8685482770204545,0.178466796875,0.2
-119.64749999999998,5554,307,834,1708032,392.63,-0.01460213735117577,0.0287329,8330,0.9951344132423401,1.117255274951458,0.32453882694244385,0.0003,-0.7490885488688945,0.18818359375,0.2
-120.23849999999999,5559,307,835,1710080,392.63,-0.01329530329676345,0.028128767,8340,0.9955759644508362,1.1887231767177582,0.3131408989429474,0.0003,-0.8143569298088551,0.19970703125,0.2
-120.59550000000002,5565,307,836,1712128,392.63,-0.017403601325349884,0.027845211,8350,0.9906622767448425,1.6184788554906846,0.25570815801620483,0.0003,-0.7465088814496994,0.223388671875,0.2
-120.5265,5570,307,837,1714176,392.63,-0.02070908328751102,0.027893003,8360,0.995951235294342,0.9897717095911502,0.22213855385780334,0.0003,-0.8174949750304222,0.164306640625,0.2
-119.55749999999998,5575,307,838,1716224,391.07,-0.01841922859312035,0.040599152,8370,0.9957506060600281,1.1183422967791556,0.32225698232650757,0.0003,-0.6536874018609524,0.219677734375,0.2
-119.46749999999999,5580,307,839,1718272,390.05,-0.013037477352190763,0.13774072,8380,0.9492979645729065,20.287111964821815,1.2358585596084595,0.0003,-0.6624615862965584,0.32900390625,0.2
-119.66549999999998,5586,307,840,1720320,390.05,0.0009274918818846345,0.059548207,8390,0.8954126834869385,39.78960325717926,5.921338081359863,0.0003,-0.7973802797496319,0.263818359375,0.2
-119.53300000000002,5591,308,841,1722368,389.98,-0.00671651721058879,0.028785441,8400,0.9812213182449341,2.679299126565456,0.7278346419334412,0.0003,-0.8215890452265739,0.26904296875,0.2
-120.76899999999999,5596,308,842,1724416,390.76,-0.003945708248647861,0.091667324,8410,0.9028661847114563,26.000865507125855,3.2641355991363525,0.0003,-0.6348009876906872,0.291064453125,0.2
-123.8965,5601,308,843,1726464,394.75,-0.011728727200534195,0.04815109,8420,0.9777605533599854,4.008910655975342,1.3310766220092773,0.0003,-0.7832049429416656,0.237060546875,0.2
-124.0405,5607,308,844,1728512,394.75,-0.014739685386302881,0.028891027,8430,0.988599956035614,2.2964123941957952,0.5120335817337036,0.0003,-0.8157119154930115,0.18798828125,0.2
-124.56250000000001,5612,308,845,1730560,394.75,-0.01677605587756261,0.065399274,8440,0.992222785949707,1.744317027926445,0.6820397973060608,0.0003,-0.724831635504961,0.212548828125,0.2
-124.46350000000001,5617,308,846,1732608,394.75,-0.0012734496383927762,0.05003436,8450,0.9919198155403137,1.2283712353557348,0.21824654936790466,0.0003,-0.7384436585009098,0.28046875,0.2
-124.45449999999997,5622,308,847,1734656,394.75,-0.02118850965052843,0.050042875,8460,0.9949853420257568,1.174753099679947,0.4325714111328125,0.0003,-0.7787812076508999,0.263134765625,0.2
-124.46350000000001,5627,308,848,1736704,394.75,0.0005616078793536872,0.029239707,8470,0.9638553261756897,3.6136376701295374,0.7586196660995483,0.0003,-0.725892348587513,0.263427734375,0.2
-124.23249999999999,5633,308,849,1738752,394.75,-0.02174974451190792,0.041154504,8480,0.9963732361793518,0.9016461506485939,0.3006110191345215,0.0003,-0.7454070374369621,0.231640625,0.2
-125.92550000000001,5638,308,850,1740800,396.57,-0.019087673642206936,0.086071685,8490,0.9958816170692444,1.0137398801743984,0.32819709181785583,0.0003,-0.806996051967144,0.239453125,0.2
-123.99249999999998,5643,308,851,1742848,394.03,-0.02111174293095246,0.03454776,8500,0.9921426773071289,1.5754641368985176,0.5914490222930908,0.0003,-0.69163528829813,0.209765625,0.2
-123.382,5648,308,852,1744896,392.56,0.0015439007402164862,0.057357635,8510,0.9589184522628784,15.122917167842388,1.0529274940490723,0.0003,-0.7259737253189087,0.2533203125,0.2
-124.039,5654,308,853,1746944,392.56,-0.0032173936517210676,0.034384225,8520,0.9029991626739502,25.678559297323226,22.040037155151367,0.0003,-0.6815666317939758,0.209814453125,0.2
-123.75399999999999,5659,309,854,1748992,392.56,-0.00983444474695716,0.045574047,8530,0.9816268086433411,3.633968214690685,0.6223041415214539,0.0003,-0.6775173209607601,0.17919921875,0.2
-124.23400000000001,5664,309,855,1751040,392.56,-0.013350342065677978,0.024948288,8540,0.988823413848877,1.7275044582784176,0.302773654460907,0.0003,-0.7561658464372158,0.211376953125,0.2
-124.40199999999999,5669,309,856,1753088,392.56,-0.007311199844116345,0.041347705,8550,0.9731387495994568,3.3055547691881655,0.750408947467804,0.0003,-0.739179652184248,0.2703125,0.2
-125.73649999999999,5674,309,857,1755136,392.67,-0.015015676635084674,0.036366977,8560,0.9942127466201782,1.0715729657560586,0.20764832198619843,0.0003,-0.7639971233904361,0.2248046875,0.2
-125.1725,5680,309,858,1757184,392.67,-0.01407866894151084,0.064743385,8570,0.9295107126235962,17.143804544210433,0.5577511191368103,0.0003,-0.769144919514656,0.29482421875,0.2
-128.1785,5685,309,859,1759232,394.47,-0.03121366137638688,0.05200973,8580,0.9791873097419739,3.119016475230455,0.7267966270446777,0.0003,-0.7272764183580875,0.21796875,0.2
-125.6585,5691,309,860,1761280,392.85,-0.04415611677104607,0.06211114,8590,0.9694243669509888,2.1926837529987098,0.25737857818603516,0.0003,-0.7262678787112236,0.26748046875,0.2
-125.25099999999999,5696,309,861,1763328,392.44,-0.0018071847618557513,0.02246568,8600,0.9558119177818298,20.10940134525299,8.7868013381958,0.0003,-0.7280208855867386,0.18037109375,0.2
-125.48450000000001,5701,309,862,1765376,391.71,0.0012034499435685576,0.023105513,8610,0.9477572441101074,18.487112320959568,5.390398025512695,0.0003,-0.7179656513035297,0.214208984375,0.2
-123.87699999999997,5706,309,863,1767424,390.22,0.002879380909143947,0.035444763,8620,0.9455503821372986,23.16501716375351,3.0253095626831055,0.0003,-0.7496974468231201,0.248388671875,0.2
-123.595,5711,309,864,1769472,390.22,-5.426267453003675e-05,0.025541564,8630,0.9204608798027039,36.140822517871854,19.196575164794922,0.0003,-0.7180517241358757,0.167822265625,0.2
-122.58949999999999,5717,309,865,1771520,388.35,-0.018777657387545332,0.027365103,8640,0.9906686544418335,1.8321569964289666,0.6810926795005798,0.0003,-0.8046245336532593,0.203369140625,0.2
-119.97500000000002,5722,309,866,1773568,386.46,-0.005418180883862078,0.026880637,8650,0.954091489315033,14.960471737384797,5.299497127532959,0.0003,-0.7984151728451252,0.2236328125,0.2
-120.068,5727,310,867,1775616,386.46,-0.008370792452478782,0.031381838,8660,0.9507730007171631,15.030397242307663,1.3384300470352173,0.0003,-0.8019098661839962,0.18701171875,0.2
-120.304,5732,310,868,1777664,386.08,-0.023240632755914703,0.026868068,8670,0.9909632205963135,1.637628211081028,0.3059053421020508,0.0003,-0.7553317010402679,0.18193359375,0.2
-120.14500000000002,5737,310,869,1779712,386.08,-0.013923649891512468,0.036707036,8680,0.9348313808441162,16.57697007060051,12.756322860717773,0.0003,-0.7415617167949676,0.241552734375,0.2
-122.693,5742,310,870,1781760,388.62,-0.009271069732494652,0.051943537,8690,0.9881645441055298,2.1814711079001428,0.5411422848701477,0.0003,-0.772786446660757,0.22216796875,0.2
-123.4625,5747,310,871,1783808,390.09,-0.01979091397370212,0.03540218,8700,0.9899322986602783,1.1343581147491932,0.17247642576694489,0.0003,-0.7705019816756249,0.23876953125,0.2
-124.2335,5752,310,872,1785856,390.09,-0.014533072765334509,0.03357405,8710,0.9948245882987976,1.029188434407115,0.22207307815551758,0.0003,-0.7371365621685981,0.20791015625,0.2
-122.8805,5757,310,873,1787904,388.41,-0.03133940830593929,0.055976667,8720,0.9868298768997192,1.57533425912261,0.21267849206924438,0.0003,-0.7422595761716366,0.28974609375,0.2
-121.12100000000001,5762,310,874,1789952,386.76,-0.00539060580485966,0.048627105,8730,0.9464892745018005,19.372573068737985,1.6085519790649414,0.0003,-0.7083080269396305,0.238134765625,0.2
-121.57099999999998,5768,310,875,1792000,386.76,0.001710664438724052,0.05880695,8740,0.9501444101333618,19.162335789203645,4.169569969177246,0.0003,-0.7851654082536698,0.23525390625,0.2
-121.771,5773,310,876,1794048,386.2,-0.020412773615680634,0.06058775,8750,0.9932920932769775,1.9465641848742963,0.29775840044021606,0.0003,-0.9203580372035504,0.214599609375,0.2
-121.771,5778,310,877,1796096,386.2,-0.01534122834855225,0.059101596,8760,0.9362183213233948,19.597181126475334,14.494694709777832,0.0003,-0.7756845839321613,0.29384765625,0.2
-120.68499999999999,5783,310,878,1798144,386.2,-0.017541044735116883,0.0390284,8770,0.9889938831329346,2.185148309916258,0.6533532738685608,0.0003,-0.9061568073928357,0.2642578125,0.2
-123.51449999999998,5788,310,879,1800192,387.89,-0.010473191106575542,0.02806759,8780,0.9950675368309021,1.2015956223011017,0.26672524213790894,0.0003,-0.9336632013320922,0.2734375,0.2
-124.45450000000001,5793,311,880,1802240,388.09,-0.0010768611071398481,0.02853951,8790,0.9821633100509644,2.1449902806431056,0.17723248898983002,0.0003,-0.915621617436409,0.299072265625,0.2
-125.26550000000002,5798,311,881,1804288,387.63,0.0029166024236474187,0.05665732,8800,0.9355138540267944,21.040380704402924,3.3919219970703125,0.0003,-0.8520173192024231,0.277001953125,0.2
-127.152,5804,311,882,1806336,389.12,-0.004570822342066095,0.021156602,8810,0.9231658577919006,18.577444970607758,0.8684319853782654,0.0003,-0.8812479496002197,0.209228515625,0.2
-127.28200000000001,5809,311,883,1808384,388.9,-0.00436450591951143,0.024821173,8820,0.9913628101348877,2.6079913049936296,0.5467261672019958,0.0003,-0.9182142846286296,0.2642578125,0.2
-128.725,5814,311,884,1810432,389.02,-0.0042165253427810965,0.027775444,8830,0.9493913054466248,20.810490813851356,22.54935646057129,0.0003,-0.9506251618266106,0.2955078125,0.2
-130.4395,5819,311,885,1812480,390.91,-0.005635901569621638,0.036808085,8840,0.9002053737640381,41.7358624458313,7.247189521789551,0.0003,-0.9287535436451435,0.310791015625,0.2
-130.56550000000004,5825,311,886,1814528,390.91,-0.022183172730728985,0.05202405,8850,0.976622462272644,2.44610545784235,0.4947948455810547,0.0003,-0.9291533425450325,0.239697265625,0.2
-129.275,5830,311,887,1816576,389.82,-0.01574786943383515,0.041130245,8860,0.9923037886619568,1.279206519946456,0.2804199457168579,0.0003,-0.9724835984408855,0.317919921875,0.2
-129.314,5835,311,888,1818624,389.82,-0.005224644287955016,0.02855804,8870,0.9586654901504517,16.04152714908123,5.871456146240234,0.0003,-0.9621926620602608,0.222412109375,0.2
-129.02899999999997,5840,311,889,1820672,389.82,-0.006681824143743143,0.04338438,8880,0.9925234317779541,1.4116978343576192,0.28781890869140625,0.0003,-0.9250590480864048,0.270654296875,0.2
-128.40399999999997,5846,311,890,1822720,385.78,-0.012818236352177336,0.036216475,8890,0.9953004717826843,1.1088711965829134,0.19399982690811157,0.0003,-0.9455348692834378,0.27626953125,0.2
-127.70500000000001,5851,311,891,1824768,383.92,-0.01129761072807014,0.07283654,8900,0.8524162769317627,38.5247283577919,5.739087104797363,0.0003,-0.7956857077777386,0.276123046875,0.2
-128.677,5856,311,892,1826816,385.6,-0.040866327175172044,0.10156682,8910,0.8942858576774597,21.618790513277055,8.118597984313965,0.0003,-0.9343684881925582,0.27890625,0.2
-130.4425,5861,312,893,1828864,387.25,-0.01625134614878334,0.034115303,8920,0.9892064332962036,1.7803951732814312,0.45757681131362915,0.0003,-0.918069290369749,0.225048828125,0.2
-130.0375,5866,312,894,1830912,387.25,-0.01797354531590827,0.04629989,8930,0.9921824932098389,1.436549599468708,0.25459030270576477,0.0003,-0.8712383009493351,0.22861328125,0.2
-131.371,5871,312,895,1832960,389.26,-0.01033197165816091,0.04633063,8940,0.9931890368461609,1.4140065379440785,0.30451586842536926,0.0003,-0.8464470461010933,0.260107421875,0.2
-131.179,5876,312,896,1835008,389.26,0.0017008440103381873,0.024970997,8950,0.9762091040611267,2.1754468731582164,0.2894246578216553,0.0003,-0.7363231390714645,0.179248046875,0.2
-131.185,5881,312,897,1837056,389.26,-0.007781587622594089,0.06439043,8960,0.9936437606811523,1.4248321048915387,0.3522907495498657,0.0003,-0.8151961602270603,0.195458984375,0.2
-131.02899999999997,5886,312,898,1839104,389.26,-0.017019454558612777,0.027848992,8970,0.9955739378929138,1.062375485524535,0.26325371861457825,0.0003,-0.8425962291657925,0.242529296875,0.2
-129.6415,5891,312,899,1841152,388.63,-0.0043614719761535525,0.04554886,8980,0.9869570732116699,1.2239120047539473,0.22135993838310242,0.0003,-0.7915633283555508,0.276513671875,0.2
-128.59400000000002,5896,312,900,1843200,389.82,-0.008422349375905469,0.044524305,8990,0.9573213458061218,16.481454625725746,10.66799545288086,0.0003,-0.8173460803925992,0.191455078125,0.2
-127.41799999999998,5901,312,901,1845248,388.74,-0.017068510834360496,0.024594318,9000,0.9957922101020813,1.279765108972788,0.34851861000061035,0.0003,-0.7993646308779716,0.223681640625,0.2
-127.16850000000001,5907,312,902,1847296,386.63,-0.00313768737250939,0.045369722,9010,0.9501528143882751,20.369674196839334,11.768521308898926,0.0003,-0.8119172766804695,0.217431640625,0.2
-125.15799999999999,5912,312,903,1849344,383.8,-0.035087192023638636,0.37739193,9020,0.8839011788368225,48.469694435596466,17.733638763427734,0.0003,-0.731814544647932,0.37763671875,0.2
-126.694,5917,312,904,1851392,382.36,0.004364037961931899,0.0280071,9030,0.8901704549789429,37.69522044658661,5.662700176239014,0.0003,-0.7042551942169666,0.194677734375,0.2
-125.32650000000001,5922,312,905,1853440,381.35,-0.022915318713057787,0.102914356,9040,0.8924891352653503,24.66019051671028,5.2939276695251465,0.0003,-0.7561910279095173,0.2791015625,0.2
-124.5075,5927,313,906,1855488,381.05,-0.0038420647324528545,0.030804614,9050,0.9599260091781616,17.698217114806177,6.257774353027344,0.0003,-0.6794555500149727,0.171875,0.2
-125.8695,5932,313,907,1857536,381.05,-0.00032424431992694736,0.026902398,9060,0.9556446075439453,14.91327411532402,5.194602012634277,0.0003,-0.7581669725477695,0.177294921875,0.2
-122.96899999999998,5937,313,908,1859584,378.84,-0.0004708219465101138,0.059529155,9070,0.9631650447845459,3.785699400305748,0.43598654866218567,0.0003,-0.8415867194533349,0.299267578125,0.2
-126.459,5943,313,909,1861632,384.74,-0.006394902127794921,0.06527708,9080,0.9043612480163574,37.566096699237825,18.6099853515625,0.0003,-0.7383686371147633,0.27783203125,0.2
-120.42699999999999,5948,313,910,1863680,380.2,-0.01565703806700185,0.022876393,9090,0.9906669855117798,2.1511080898344517,0.4960792064666748,0.0003,-0.9000299662351608,0.21376953125,0.2
-120.412,5953,313,911,1865728,380.2,-0.0018021014227997511,0.03167367,9100,0.9019479751586914,45.183906936645506,17.02770233154297,0.0003,-0.8111667208373546,0.244921875,0.2
-118.8865,5958,313,912,1867776,378.73,-0.01643173738848418,0.021452777,9110,0.9879603981971741,2.6138301596045492,0.6706244349479675,0.0003,-0.8842915333807468,0.17412109375,0.2
-116.62150000000001,5964,313,913,1869824,377.89,-0.004840329590660985,0.023808263,9120,0.9596113562583923,16.022742986679077,7.525793075561523,0.0003,-0.9102198511362076,0.2048828125,0.2
-114.62599999999999,5969,313,914,1871872,375.42,-0.004349163193546701,0.03281121,9130,0.9569098949432373,15.971585589647294,1.658684253692627,0.0003,-0.8753506526350975,0.256494140625,0.2
-112.56049999999999,5974,313,915,1873920,373.05,-0.01133754566544667,0.0799005,9140,0.9113834500312805,39.60147354602814,22.837215423583984,0.0003,-0.8180205136537552,0.270458984375,0.2
-109.61999999999996,5980,313,916,1875968,369.86,-0.002546113642165437,0.022552691,9150,0.9363460540771484,24.79699218273163,9.162149429321289,0.0003,-0.8048358745872974,0.1638671875,0.2
-112.825,5985,313,917,1878016,367.66,-0.016633675032062457,0.1325446,9160,0.9083168506622314,31.26473182439804,11.272043228149414,0.0003,-0.74148059040308,0.22060546875,0.2
-110.27699999999999,5990,313,918,1880064,364.58,-0.027911559992935507,0.0966647,9170,0.8187320232391357,33.13860788345337,6.297868251800537,0.0003,-0.8883445411920547,0.345068359375,0.2
-109.959,5995,313,919,1882112,364.58,-0.004724550477112644,0.026223551,9180,0.9119473099708557,20.61645125746727,10.457962036132812,0.0003,-0.8043210588395595,0.1447265625,0.2
-108.4665,6000,313,920,1884160,364.25,-0.00861670592566952,0.019607635,9190,0.9357136487960815,11.65018896460533,2.908325672149658,0.0003,-0.8161682084202766,0.15615234375,0.2
-111.2605,6005,314,921,1886208,368.83,-0.00714003219618462,0.03426578,9200,0.9318318367004395,15.482945239543914,4.066128730773926,0.0003,-0.6970782093703747,0.147412109375,0.2
-107.6795,6011,314,922,1888256,367.83,0.0024591277935542164,0.021732775,9210,0.9250409603118896,6.571258302032947,0.8258044123649597,0.0003,-0.8062531121075154,0.192724609375,0.2
-108.54900000000002,6016,314,923,1890304,367.22,-0.0051191794540500265,0.031418838,9220,0.9304859638214111,15.84153713285923,3.5706443786621094,0.0003,-0.8561222441494465,0.235302734375,0.2
-110.86300000000001,6021,314,924,1892352,368.14,-0.0042230449675116685,0.01187208,9230,0.9235380291938782,12.028255477547646,5.29249906539917,0.0003,-0.8841550648212433,0.150244140625,0.2
-109.11499999999998,6026,314,925,1894400,367.44,-0.01174396215355955,0.050830178,9240,0.9300422668457031,10.208465668559075,2.737985849380493,0.0003,-0.8300999701023102,0.255078125,0.2
-110.05600000000003,6031,314,926,1896448,368.32,-0.008932126418221742,0.033783354,9250,0.9617072939872742,8.875289648771286,3.4819579124450684,0.0003,-0.8484903909265995,0.202197265625,0.2
-108.46150000000002,6037,314,927,1898496,365.89,-0.004101038820226677,0.026610252,9260,0.9264639019966125,13.920902210474015,6.914541721343994,0.0003,-0.8121497079730033,0.189501953125,0.2
-113.2515,6042,314,928,1900544,370.43,-0.006269000552129001,0.018232964,9270,0.9489248394966125,11.80934619307518,2.044546365737915,0.0003,-0.8223330020904541,0.1884765625,0.2
-111.831,6047,314,929,1902592,368.78,0.007911823771428317,0.030593956,9280,0.9655166268348694,5.1879347383975984,0.8242673873901367,0.0003,-0.8269875906407833,0.278564453125,0.2
-113.1375,6052,314,930,1904640,370.25,0.00010417183511890471,0.021117155,9290,0.9382189512252808,14.052767834067344,3.315518617630005,0.0003,-0.8518199637532234,0.211962890625,0.2
-112.73100000000001,6058,314,931,1906688,369.26,-0.014918587618740275,0.050226167,9300,0.9804161190986633,3.6434692956507204,0.5030254125595093,0.0003,-0.8551309257745743,0.1439453125,0.2
-116.1305,6063,314,932,1908736,371.67,-0.004034647438675165,0.018239064,9310,0.9543471336364746,9.491998659074307,2.8194291591644287,0.0003,-0.9281685024499893,0.15498046875,0.2
-116.76000000000002,6068,314,933,1910784,372.02,-0.007130523672094569,0.043907825,9320,0.9552009105682373,4.120367921888828,0.5800585746765137,0.0003,-0.9318850934505463,0.19814453125,0.2
-119.67699999999999,6073,314,934,1912832,375.34,-0.018141160462982954,0.0352969,9330,0.9915950894355774,2.4349599845707415,0.4019625782966614,0.0003,-0.9356960721313954,0.220703125,0.2
-119.97449999999999,6078,315,935,1914880,379.43,-0.012908132374286651,0.027969982,9340,0.974875807762146,3.1638552486896514,0.7964198589324951,0.0003,-0.8707980051636696,0.18955078125,0.2
-119.5575,6084,315,936,1916928,381.47,-0.013263691154133995,0.045150667,9350,0.994703471660614,1.181313344463706,0.29540297389030457,0.0003,-0.8879420764744281,0.257861328125,0.2
-121.32600000000001,6089,315,937,1918976,381.14,-0.005997210560599342,0.03672947,9360,0.9948147535324097,1.0091611355543137,0.16740483045578003,0.0003,-0.9340860605239868,0.29052734375,0.2
-122.16300000000001,6094,315,938,1921024,381.8,0.009312153405335265,0.061111294,9370,0.895713746547699,36.42292149066925,14.681188583374023,0.0003,-0.7891292788088322,0.3841796875,0.2
-120.90449999999998,6099,315,939,1923072,380.99,-0.004488117358414456,0.026443744,9380,0.9325340986251831,22.055661928653716,6.208568572998047,0.0003,-0.9276074908673764,0.1796875,0.2
-118.3495,6104,315,940,1925120,378.91,-0.017956442580907606,0.17123958,9390,0.9399197697639465,14.401889401674271,2.0567708015441895,0.0003,-0.8673350900411606,0.244873046875,0.2
-118.21899999999998,6110,315,941,1927168,378.46,-0.0036601183121092616,0.028050702,9400,0.9309800863265991,21.44625895023346,5.985824108123779,0.0003,-0.8778228923678398,0.1732421875,0.2
-118.05700000000003,6115,315,942,1929216,379.9,-0.004465902660740539,0.016977975,9410,0.9249675869941711,12.9126530200243,3.589355945587158,0.0003,-0.9209462955594063,0.16416015625,0.2
-116.456,6120,315,943,1931264,379.86,-0.0005984336603432894,0.01484859,9420,0.9699023365974426,8.371304959058762,3.016448736190796,0.0003,-0.8931174412369728,0.146142578125,0.2
-115.051,6126,315,944,1933312,379.18,-0.00854978607967496,0.018804934,9430,0.9655745625495911,11.052009937167167,3.674938917160034,0.0003,-0.9105588838458061,0.137890625,0.2
-117.89099999999999,6131,315,945,1935360,382.94,-0.010333033857750706,0.017342448,9440,0.9291176795959473,23.471119612455368,12.321858406066895,0.0003,-0.9333166532218456,0.161474609375,0.2
-119.382,6136,315,946,1937408,382.94,0.0007715188374277204,0.033556823,9450,0.9580408930778503,4.076425350084901,0.7724204659461975,0.0003,-0.9238906107842922,0.16904296875,0.2
-116.43849999999996,6141,315,947,1939456,380.71,-0.015545252780430018,0.037242163,9460,0.9926437735557556,1.5486862793564797,0.22509367763996124,0.0003,-0.9138892881572247,0.25908203125,0.2
-117.96100000000003,6147,315,948,1941504,382.36,-0.010900933601078577,0.03675331,9470,0.9484728574752808,10.35104207098484,3.409451723098755,0.0003,-0.8331145882606507,0.233642578125,0.2
-115.92549999999997,6152,315,949,1943552,379.51,-0.011966828402364627,0.029648783,9480,0.9906862378120422,1.6878797590732575,0.3194687068462372,0.0003,-0.9157586701214313,0.22919921875,0.2
-117.24699999999997,6157,315,950,1945600,381.34,-0.004642382863676175,0.032789823,9490,0.9236205816268921,31.652673542499542,5.273472309112549,0.0003,-0.8310699589550495,0.2486328125,0.2
-114.51099999999998,6162,316,951,1947648,380.38,-0.008722089999355375,0.052622575,9500,0.9910523891448975,1.4414900735020637,0.4253930449485779,0.0003,-0.9360604040324688,0.217919921875,0.2
-114.85900000000001,6168,316,952,1949696,380.38,-0.00512362896988634,0.04302021,9510,0.9595279097557068,14.158293300867081,10.035955429077148,0.0003,-0.8804893426597118,0.2755859375,0.2
-114.54400000000001,6173,316,953,1951744,380.38,-0.019128552067559212,0.037707835,9520,0.9839122295379639,2.369087560847402,0.2751934826374054,0.0003,-0.8771034345030785,0.23291015625,0.2
-115.162,6178,316,954,1953792,380.38,-0.0038342550513334574,0.0681535,9530,0.9742385149002075,3.2985422506928446,0.4973391592502594,0.0003,-0.8873145170509815,0.246630859375,0.2
-112.81399999999998,6183,316,955,1955840,378.12,-0.024924667610321194,0.043335088,9540,0.9832260012626648,2.9212996110320093,0.4547516405582428,0.0003,-0.8411252655088901,0.2494140625,0.2
-114.9525,6189,316,956,1957888,381.47,-0.00786496654036455,0.035823565,9550,0.9514204859733582,12.324543218314648,2.849846839904785,0.0003,-0.8682901680469512,0.232568359375,0.2
-117.6125,6194,316,957,1959936,381.57,-0.0008810596773400903,0.03940113,9560,0.94989413022995,5.903806699812412,0.8351484537124634,0.0003,-0.7944544792175293,0.26416015625,0.2
-115.65099999999998,6199,316,958,1961984,379.48,-0.006404790125088766,0.03215593,9570,0.8853640556335449,29.849261939525604,6.147173881530762,0.0003,-0.8719287842512131,0.30068359375,0.2
-116.2825,6204,316,959,1964032,380.53,0.0005416144209448248,0.021611512,9580,0.9211719036102295,22.31680209636688,10.206168174743652,0.0003,-0.8100230820477009,0.188232421875,0.2
-114.89599999999997,6209,316,960,1966080,376.68,-0.0029322436632355673,0.030162387,9590,0.9046412110328674,18.15735149383545,5.087132930755615,0.0003,-0.8361326873302459,0.16279296875,0.2
-113.9885,6215,316,961,1968128,373.29,-0.002499978156993166,0.034940712,9600,0.8532676696777344,27.370708346366882,11.287266731262207,0.0003,-0.8161781072616577,0.23837890625,0.2
-114.624,6220,316,962,1970176,372.5,-0.005147768207825721,0.108167365,9610,0.8899204730987549,12.815740472078323,2.9060964584350586,0.0003,-0.7061399810016156,0.190576171875,0.2
-115.22550000000001,6225,316,963,1972224,369.53,-0.0041064364777412266,0.01603371,9620,0.8972519040107727,11.908012160658837,2.030463933944702,0.0003,-0.7888282023370266,0.11767578125,0.2
-113.7165,6230,316,964,1974272,369.11,-0.0017152411834103986,0.057256296,9630,0.8959674835205078,9.285718988627195,0.36540257930755615,0.0003,-0.6095658972859382,0.22900390625,0.2
-112.85900000000001,6236,316,965,1976320,367.38,0.004241531467414461,0.027773269,9640,0.883769154548645,15.009816533327102,3.2599804401397705,0.0003,-0.8547450862824917,0.303515625,0.2
-114.36399999999999,6241,316,966,1978368,365.56,-0.007403036480536684,0.027329337,9650,0.9348998069763184,11.943233552575112,1.556028962135315,0.0003,-0.7734486289322376,0.186181640625,0.2
-115.226,6246,317,967,1980416,365.94,-0.021518587018363178,0.52359164,9660,0.7722336053848267,24.211594170331956,4.718935489654541,0.0003,-0.5838491547852754,0.2462890625,0.2
-111.5195,6251,317,968,1982464,360.21,-0.000961387192364782,0.017408019,9670,0.882614016532898,10.92048728466034,2.26200008392334,0.0003,-0.804272823780775,0.152880859375,0.2
-111.13949999999997,6257,317,969,1984512,356.87,0.001472843874944374,0.04599965,9680,0.8930663466453552,11.762702226638794,2.3064794540405273,0.0003,-0.7879245683550835,0.241552734375,0.2
-110.557,6262,317,970,1986560,355.78,-0.01688016281404998,0.03850936,9690,0.8184831738471985,14.94602986574173,3.3112499713897705,0.0003,-0.802913672477007,0.26318359375,0.2
-109.345,6267,317,971,1988608,354.88,-0.008136503270361573,0.028254852,9700,0.9459104537963867,6.212076146900654,1.0600990056991577,0.0003,-0.7964553721249104,0.1529296875,0.2
-106.75099999999999,6272,317,972,1990656,349.98,-0.004039845132501796,0.026609175,9710,0.9114502668380737,11.743512225151061,1.7847695350646973,0.0003,-0.8291865475475788,0.226611328125,0.2
-107.51499999999999,6278,317,973,1992704,352.24,-0.00555996123002842,0.04017175,9720,0.8738559484481812,14.955903363227844,2.9835195541381836,0.0003,-0.7160470828413963,0.148486328125,0.2
-105.62550000000002,6283,317,974,1994752,352.55,-0.015261909522814676,0.036492825,9730,0.9731827974319458,4.578144687414169,1.7040789127349854,0.0003,-0.8276951245963573,0.24345703125,0.2
-108.44900000000001,6288,317,975,1996800,354.84,-0.008215982606634498,0.037582666,9740,0.949571967124939,7.205440413951874,0.572073221206665,0.0003,-0.865679894387722,0.26240234375,0.2
-111.95299999999999,6293,317,976,1998848,357.9,-0.016538784603471867,0.059984565,9750,0.8879916071891785,15.241020688414574,1.5593966245651245,0.0003,-0.857230095565319,0.25859375,0.2
-112.7665,6298,317,977,2000896,359.53,-0.015118938167870511,0.029197935,9760,0.9051113128662109,11.061752036213875,1.2060753107070923,0.0003,-0.8327475994825363,0.202392578125,0.2
